Type,Wanted station,#,CS,Info1,cx,Rx frequency MHz,KTBF dBm,Polar,Interferer,#,CS,Info1,Tx frequency MHz,Unwanted Pr dBm,Polar,TD dB,Cumulated TD dB,IRF dB,IRF from,XPD dB,Tx pow dBm,Tx BW kHz,Tx addloss dB,Tx losses dB,Tx antgain dB,Tx main OAA,Tx ant att dB,Rx BW kHz,Rx losses dB,Rx ant gain dB,Rx main OAA,Rx ant att dB,Distance m,Prop loss dB,Tx az,Tx tilt,Rx az,Rx tilt,Wind turbine unwanted power (dBm),Tx->Rx az,Tx->Rx tilt
Microwave (wanted),FREDERICK,23,X_1008933,FAA 110533,1,7765,-94,H,MD,1,N 153584,ST INIGOES,7900,-180.43,V,0,0,0,IRF MASK,12.8,53.38,6880,0,0,40,140.31,50,30000,0,40.3,26.71,38.13,177028.7,213.14,144.3,39,122,-0.3,-999,328.7,-0.4
Microwave (wanted),FREDERICK,23,X_1008933,FAA 110533,1,7765,-94,H,MD,2,AR 120812,FT MEADE,7901.167,-187.67,V,0,0,0,IRF MASK,19.4,22.73,94,0,0,58,57.66,68,30000,0,40.3,2.77,24.94,77068.45,196.32,249,16,122,-0.3,-999,304.8,0.1
Microwave (wanted),FREDERICK,23,X_1008933,FAA 110533,1,7765,-94,H,MD,3,AR 130712,FT DETRICK,7901.167,-121.13,V,0.01,0.01,0,IRF MASK,17.4,24.73,94,0,0,58,140.69,68,30000,0,40.3,7.17,28.64,9716.31,130.07,142,40,122,-0.3,-999,308.8,2.6
Microwave (wanted),FREDERICK,23,X_1008933,FAA 110533,1,7765,-94,H,MD,4,AR 130728,FT DETRICK,7901.167,-123.13,V,0.01,0.01,0,IRF MASK,17.4,22.73,94,0,0,58,60.87,68,30000,0,40.3,7.17,28.64,9716.31,130.07,249,17,122,-0.3,-999,308.8,2.6
Microwave (wanted),FREDERICK,23,X_1008933,FAA 110533,1,7765,-94,H,MD,5,AR 130756,FT DETRICK,7901.167,-121.13,V,0.01,0.02,0,IRF MASK,17.4,24.73,94,0,0,58,60.87,68,30000,0,40.3,7.17,28.64,9716.31,130.07,249,17,122,-0.3,-999,308.8,2.6
Microwave (wanted),FREDERICK,23,X_1008933,FAA 110533,1,7765,-94,H,MD,6,AR 130766,FT MEADE,7901.167,-187.67,V,0,0.02,0,IRF MASK,19.4,22.73,94,0,0,62,138.34,72,30000,0,40.3,2.77,24.94,77068.45,196.32,144,38,122,-0.3,-999,304.8,0.1
Microwave (wanted),FREDERICK,23,X_1008933,FAA 110533,1,7765,-94,H,MD,7,AR 130767,FT MEADE,7901.167,-185.67,V,0,0.02,0,IRF MASK,19.4,24.73,94,0,0,58,137.95,68,30000,0,40.3,2.77,24.94,77068.45,196.32,145,38,122,-0.3,-999,304.8,0.1
Microwave (wanted),FREDERICK,23,X_1008933,FAA 110533,1,7765,-94,H,MD,8,AR 210709,FT MEADE,7901.302,-196.79,V,0,0.02,0,IRF MASK,19.4,13.73,94,0,0,58,158.88,68,30000,0,40.3,2.77,24.94,77068.46,196.44,107,11,122,-0.3,-999,304.8,0.1
Microwave (wanted),FREDERICK,23,X_1008933,FAA 110533,1,7765,-94,H,MD,9,AR 130729,FT DETRICK,7976.687,-121.21,V,0.01,0.03,0,IRF MASK,17.4,24.73,94,0,0,58,60.87,68,30000,0,40.3,7.17,28.64,9716.31,130.15,249,17,122,-0.3,-999,308.8,2.6
Microwave (wanted),FREDERICK,23,X_1008933,FAA 110533,1,7765,-94,H,MD,10,AR 170763,FT MEADE,7998.822,-189.75,V,0,0.03,0,IRF MASK,19.4,21.02,40000,0,0,58,57.66,68,30000,0,40.3,2.77,24.94,77068.46,196.69,249,16,122,-0.3,-999,304.8,0.1
Microwave (wanted),MOUNT AIRY,24,X_1008933,FAA 110534,1,8125,-94,H,MD,1,N 153584,ST INIGOES,7900,-202.48,V,0,0,0,IRF MASK,6,53.38,6880,0,0,40,139.38,50,30000,0,40.3,147.21,66,149261.27,214.16,144.3,39,302,0,-999,334.8,-0.4
Microwave (wanted),MOUNT AIRY,24,X_1008933,FAA 110534,1,8125,-94,H,MD,2,AR 120812,FT MEADE,7901.167,-198.91,V,0,0,0,IRF MASK,6,22.73,94,0,0,58,60.51,68,30000,0,40.3,174,66,44837.98,179.94,249,16,302,0,-999,308,0.2
Microwave (wanted),MOUNT AIRY,24,X_1008933,FAA 110534,1,8125,-94,H,MD,3,AR 130712,FT DETRICK,7901.167,-182.67,V,0,0,0,IRF MASK,21.1,24.73,94,0,0,58,45.56,68,30000,0,40.3,4.77,24.94,22816.5,191.61,142,40,302,0,-999,117.3,0.5
Microwave (wanted),MOUNT AIRY,24,X_1008933,FAA 110534,1,8125,-94,H,MD,4,AR 130728,FT DETRICK,7901.167,-184.67,V,0,0,0,IRF MASK,21.1,22.73,94,0,0,58,129.79,68,30000,0,40.3,4.77,24.94,22816.5,191.61,249,17,302,0,-999,117.3,0.5
Microwave (wanted),MOUNT AIRY,24,X_1008933,FAA 110534,1,8125,-94,H,MD,5,AR 130756,FT DETRICK,7901.167,-182.67,V,0,0,0,IRF MASK,21.1,24.73,94,0,0,58,129.79,68,30000,0,40.3,4.77,24.94,22816.5,191.61,249,17,302,0,-999,117.3,0.5
Microwave (wanted),MOUNT AIRY,24,X_1008933,FAA 110534,1,8125,-94,H,MD,6,AR 130766,FT MEADE,7901.167,-198.91,V,0,0,0,IRF MASK,6,22.73,94,0,0,62,139.51,72,30000,0,40.3,174,66,44837.98,179.94,144,38,302,0,-999,308,0.2
Microwave (wanted),MOUNT AIRY,24,X_1008933,FAA 110534,1,8125,-94,H,MD,7,AR 130767,FT MEADE,7901.167,-196.91,V,0,0,0,IRF MASK,6,24.73,94,0,0,58,139.17,68,30000,0,40.3,174,66,44837.98,179.94,145,38,302,0,-999,308,0.2
Microwave (wanted),MOUNT AIRY,24,X_1008933,FAA 110534,1,8125,-94,H,MD,8,AR 210709,FT MEADE,7901.302,-206.85,V,0,0,0,IRF MASK,6,13.73,94,0,0,58,156.3,68,30000,0,40.3,174,66,44837.99,178.88,107,11,302,0,-999,308,0.2
Microwave (wanted),MOUNT AIRY,24,X_1008933,FAA 110534,1,8125,-94,H,MD,9,AR 130729,FT DETRICK,7976.687,-182.88,V,0,0,0,IRF MASK,21.1,24.73,94,0,0,58,129.79,68,30000,0,40.3,4.77,24.94,22816.5,191.82,249,17,302,0,-999,117.3,0.5
Microwave (wanted),MOUNT AIRY,24,X_1008933,FAA 110534,1,8125,-94,H,MD,10,AR 170763,FT MEADE,7998.822,-199.79,V,0,0,0,IRF MASK,6,21.02,40000,0,0,58,60.51,68,30000,0,40.3,174,66,44837.99,179.11,249,16,302,0,-999,308,0.2
Microwave (wanted),MOUNT AIRY,24,X_1008933,FAA 110534,1,8125,-94,H,MD,11,AR 210737,FT MEADE,8023.562,-198.13,V,0,0,0,IRF MASK,6,22.73,94,0,0,58,60.51,68,30000,0,40.3,174,66,44837.99,179.16,249,16,302,0,-999,308,0.2
Microwave (wanted),MOUNT AIRY,24,X_1008933,FAA 110534,1,8125,-94,H,MD,12,AR 170790,FT DETRICK,8026.167,-185.03,V,0,0,0,IRF MASK,21.1,22.73,94,0,0,58,44.94,68,30000,0,40.3,4.78,24.94,22816.53,191.97,144,38,302,0,-999,117.3,0.5
Microwave (wanted),MOUNT AIRY,24,X_1008933,FAA 110534,1,8125,-94,H,MD,13,AR 180715,FT MEADE,8026.167,-198.14,V,0,0,0,IRF MASK,6,22.73,94,0,0,58,139.52,68,30000,0,40.3,174,66,44837.99,179.17,144,38,302,0,-999,308,0.2
Microwave (wanted),MOUNT AIRY,24,X_1008933,FAA 110534,1,8125,-94,H,MD,14,AR 180711,FT MEADE,8045.237,-195.5,V,0,0,0,IRF MASK,6,25.41,5510,0,0,58,60.51,68,30000,0,40.3,174,66,44837.99,179.21,249,16,302,0,-999,308,0.2
Microwave (wanted),MOUNT AIRY,24,X_1008933,FAA 110534,1,8125,-94,H,MD,15,AR 180714,FT MEADE,8078.271,-190.44,V,0,0,0,IRF MASK,6,30.54,7150,0,0,58,60.51,68,30000,0,40.3,174,66,44837.99,179.28,249,16,302,0,-999,308,0.2
Microwave (wanted),MOUNT AIRY,24,X_1008933,FAA 110534,1,8125,-94,H,MD,16,AR 170772,FT MEADE,8123.35,-196.38,V,0,0,0,IRF MASK,6,24.7,741.42,0,0,57,139.52,67,30000,0,40.3,174,66,44837.99,179.38,144,38,302,0,-999,308,0.2
Microwave (wanted),MOUNT AIRY,24,X_1008933,FAA 110534,1,8125,-94,H,MD,17,AR 130819,FT MEADE,8143.442,-199.25,V,0,0,0,IRF MASK,6,21.88,1940,0,0,58,139.52,68,30000,0,40.3,174,66,44837.99,179.43,144,38,302,0,-999,308,0.2
Microwave (wanted),MOUNT AIRY,24,X_1008933,FAA 110534,1,8125,-94,H,MD,18,AR 210736,FT MEADE,8151.167,-198.42,V,0,0,0,IRF MASK,6,22.73,94,0,0,58,60.51,68,30000,0,40.3,174,66,44837.99,179.45,249,16,302,0,-999,308,0.2
Microwave (wanted),MOUNT AIRY,24,X_1008933,FAA 110534,1,8125,-94,H,MD,19,AR 170769,FT MEADE,8180.4,-206.21,V,0,0,0,IRF MASK,6,15,1000,0,0,57,139.52,67,30000,0,40.3,174,66,44837.99,179.51,144,38,302,0,-999,308,0.2
Microwave (wanted),MOUNT AIRY,24,X_1008933,FAA 110534,1,8125,-94,H,MD,20,AR 210711,FT MEADE,8276.302,-207.69,V,0,0,0,IRF MASK,6,13.73,94,0,0,58,156.3,68,30000,0,40.3,174,66,44837.99,179.72,107,11,302,0,-999,308,0.2
Microwave (wanted),BOONSBORO,25,X_1020200,FAA 201545,1,8395,-94,V,MD,19,AR 170769,FT MEADE,8180.4,-219.32,V,0,0,0,IRF MASK,0,15,1000,0,0,57,135.2,67,30000,3.59,37.3,103.56,60.63,83758.52,197.39,144,38,14,0.1,-999,297.6,0.1
Microwave (wanted),BOONSBORO,25,X_1020200,FAA 201545,1,8395,-94,V,MD,20,AR 210711,FT MEADE,8276.302,-220.83,V,0,0,0,IRF MASK,0,13.73,94,0,0,58,164.45,68,30000,3.59,37.3,103.56,60.63,83758.52,197.63,107,11,14,0.1,-999,297.6,0.1
Microwave (wanted),BOONSBORO,25,X_1020200,FAA 201545,1,8395,-94,V,MD,21,AR 170791,FT DETRICK,8398.562,-207.15,V,0,0,0,IRF MASK,0,22.73,94,0,0,58,120.53,68,30000,3.59,37.3,79.14,41.65,18460.61,211.93,144,38,14,0.1,-999,273.2,1.3
Microwave (wanted),BOONSBORO,25,X_1020200,FAA 201545,1,8395,-94,V,MD,22,AR 180716,FT MEADE,8398.562,-212.12,V,0,0,0,IRF MASK,0,22.73,94,0,0,58,135.2,68,30000,3.59,37.3,103.56,60.63,83758.52,197.92,144,38,14,0.1,-999,297.6,0.1
Microwave (wanted),HIGHFIELD CASCADE,26,X_1020200,FAA 201547,1,8035,-94,V,MD,1,N 153584,ST INIGOES,7900,-178.25,V,0,0,0,IRF MASK,0,53.38,6880,0,0,40,139.84,50,30000,3.59,37.2,42.21,40.58,197297.98,214.66,144.3,39,194,-0.4,-999,152.5,-0.5
Microwave (wanted),HIGHFIELD CASCADE,26,X_1020200,FAA 201547,1,8035,-94,V,MD,2,AR 120812,FT MEADE,7901.167,-190.98,V,0,0,0,IRF MASK,0,22.73,94,0,0,58,68.28,68,30000,3.59,37.2,58.13,41.95,92706.77,195.37,249,16,194,-0.4,-999,136.4,0.1
Microwave (wanted),HIGHFIELD CASCADE,26,X_1020200,FAA 201547,1,8035,-94,V,MD,3,AR 130712,FT DETRICK,7901.167,-200.9,V,0,0,0,IRF MASK,0,24.73,94,0,0,58,136.49,68,30000,3.59,37.2,30.98,37.23,30041.36,212.01,142,40,194,-0.4,-999,163.1,1
Microwave (wanted),HIGHFIELD CASCADE,26,X_1020200,FAA 201547,1,8035,-94,V,MD,4,AR 130728,FT DETRICK,7901.167,-202.9,V,0,0,0,IRF MASK,0,22.73,94,0,0,58,93.96,68,30000,3.59,37.2,30.98,37.23,30041.36,212.01,249,17,194,-0.4,-999,163.1,1
Microwave (wanted),HIGHFIELD CASCADE,26,X_1020200,FAA 201547,1,8035,-94,V,MD,5,AR 130756,FT DETRICK,7901.167,-200.9,V,0,0,0,IRF MASK,0,24.73,94,0,0,58,93.96,68,30000,3.59,37.2,30.98,37.23,30041.36,212.01,249,17,194,-0.4,-999,163.1,1
Microwave (wanted),HIGHFIELD CASCADE,26,X_1020200,FAA 201547,1,8035,-94,V,MD,6,AR 130766,FT MEADE,7901.167,-190.98,V,0,0,0,IRF MASK,0,22.73,94,0,0,62,141.44,72,30000,3.59,37.2,58.13,41.95,92706.77,195.37,144,38,194,-0.4,-999,136.4,0.1
Microwave (wanted),HIGHFIELD CASCADE,26,X_1020200,FAA 201547,1,8035,-94,V,MD,7,AR 130767,FT MEADE,7901.167,-188.98,V,0,0,0,IRF MASK,0,24.73,94,0,0,58,141.26,68,30000,3.59,37.2,58.13,41.95,92706.77,195.37,145,38,194,-0.4,-999,136.4,0.1
Microwave (wanted),HIGHFIELD CASCADE,26,X_1020200,FAA 201547,1,8035,-94,V,MD,8,AR 210709,FT MEADE,7901.302,-200.85,V,0,0,0,IRF MASK,0,13.73,94,0,0,58,148.85,68,30000,3.59,37.2,58.13,41.95,92706.77,196.23,107,11,194,-0.4,-999,136.4,0.1
Microwave (wanted),HIGHFIELD CASCADE,26,X_1020200,FAA 201547,1,8035,-94,V,MD,9,AR 130729,FT DETRICK,7976.687,-201.1,V,0,0,0,IRF MASK,0,24.73,94,0,0,58,93.96,68,30000,3.59,37.2,30.98,37.23,30041.36,212.21,249,17,194,-0.4,-999,163.1,1
Microwave (wanted),HIGHFIELD CASCADE,26,X_1020200,FAA 201547,1,8035,-94,V,MD,10,AR 170763,FT MEADE,7998.822,-193.8,V,0,0,0,IRF MASK,0,21.02,40000,0,0,58,68.28,68,30000,3.59,37.2,58.13,41.95,92706.77,196.48,249,16,194,-0.4,-999,136.4,0.1
Microwave (wanted),HIGHFIELD CASCADE,26,X_1020200,FAA 201547,1,8035,-94,V,MD,11,AR 210737,FT MEADE,8023.562,-192.15,V,0,0,0,IRF MASK,0,22.73,94,0,0,58,68.28,68,30000,3.59,37.2,58.13,41.95,92706.77,196.54,249,16,194,-0.4,-999,136.4,0.1
Microwave (wanted),HIGHFIELD CASCADE,26,X_1020200,FAA 201547,1,8035,-94,V,MD,12,AR 170790,FT DETRICK,8026.167,-203.36,V,0,0,0,IRF MASK,0,22.73,94,0,0,58,139.02,68,30000,3.59,37.2,30.98,37.23,30041.41,212.47,144,38,194,-0.4,-999,163.1,1
Microwave (wanted),HIGHFIELD CASCADE,26,X_1020200,FAA 201547,1,8035,-94,V,MD,13,AR 180715,FT MEADE,8026.167,-192.16,V,0,0,0,IRF MASK,0,22.73,94,0,0,58,141.44,68,30000,3.59,37.2,58.13,41.95,92706.77,196.54,144,38,194,-0.4,-999,136.4,0.1
Microwave (wanted),HIGHFIELD CASCADE,26,X_1020200,FAA 201547,1,8035,-94,V,MD,14,AR 180711,FT MEADE,8045.237,-189.52,V,0,0,0,IRF MASK,0,25.41,5510,0,0,58,68.28,68,30000,3.59,37.2,58.13,41.95,92706.77,196.59,249,16,194,-0.4,-999,136.4,0.1
Microwave (wanted),HIGHFIELD CASCADE,26,X_1020200,FAA 201547,1,8035,-94,V,MD,15,AR 180714,FT MEADE,8078.271,-184.47,V,0,0,0,IRF MASK,0,30.54,7150,0,0,58,68.28,68,30000,3.59,37.2,58.13,41.95,92706.77,196.67,249,16,194,-0.4,-999,136.4,0.1
Microwave (wanted),HIGHFIELD CASCADE,26,X_1020200,FAA 201547,1,8035,-94,V,MD,16,AR 170772,FT MEADE,8123.35,-190.43,V,0,0,0,IRF MASK,0,24.7,741.42,0,0,57,141.44,67,30000,3.59,37.2,58.13,41.95,92706.77,196.79,144,38,194,-0.4,-999,136.4,0.1
Microwave (wanted),HIGHFIELD CASCADE,26,X_1020200,FAA 201547,1,8035,-94,V,MD,17,AR 130819,FT MEADE,8143.442,-193.3,V,0,0,0,IRF MASK,0,21.88,1940,0,0,58,141.44,68,30000,3.59,37.2,58.13,41.95,92706.77,196.83,144,38,194,-0.4,-999,136.4,0.1
Microwave (wanted),HIGHFIELD CASCADE,26,X_1020200,FAA 201547,1,8035,-94,V,MD,18,AR 210736,FT MEADE,8151.167,-192.47,V,0,0,0,IRF MASK,0,22.73,94,0,0,58,68.28,68,30000,3.59,37.2,58.13,41.95,92706.77,196.85,249,16,194,-0.4,-999,136.4,0.1
Microwave (wanted),HIGHFIELD CASCADE,26,X_1020200,FAA 201547,1,8035,-94,V,MD,19,AR 170769,FT MEADE,8180.4,-200.27,V,0,0,0,IRF MASK,0,15,1000,0,0,57,141.44,67,30000,3.59,37.2,58.13,41.95,92706.77,196.92,144,38,194,-0.4,-999,136.4,0.1
Microwave (wanted),BOONSBORO,27,X_1020200_,FAA 201545,1,8125,-94,V,MD,1,N 153584,ST INIGOES,7900,-197.83,V,0,0,0,IRF MASK,0,53.38,6880,0,0,40,140.56,50,30000,3.59,37.3,130.78,62,178762.03,212.92,144.3,39,14,0.1,-999,324.8,-0.4
Microwave (wanted),BOONSBORO,27,X_1020200_,FAA 201545,1,8125,-94,V,MD,2,AR 120812,FT MEADE,7901.167,-211.21,V,0,0,0,IRF MASK,0,22.73,94,0,0,58,51,68,30000,3.59,37.3,103.56,60.63,83758.52,197.01,249,16,14,0.1,-999,297.6,0.1
Microwave (wanted),BOONSBORO,27,X_1020200_,FAA 201545,1,8125,-94,V,MD,3,AR 130712,FT DETRICK,7901.167,-203.93,V,0,0,0,IRF MASK,0,24.73,94,0,0,58,121.01,68,30000,3.59,37.3,79.14,41.65,18460.54,210.72,142,40,14,0.1,-999,273.2,1.3
Microwave (wanted),BOONSBORO,27,X_1020200_,FAA 201545,1,8125,-94,V,MD,4,AR 130728,FT DETRICK,7901.167,-205.36,V,0,0,0,IRF MASK,0,22.73,94,0,0,58,28.66,67.43,30000,3.59,37.3,79.14,41.65,18460.54,210.72,249,17,14,0.1,-999,273.2,1.3
Microwave (wanted),BOONSBORO,27,X_1020200_,FAA 201545,1,8125,-94,V,MD,5,AR 130756,FT DETRICK,7901.167,-203.36,V,0,0,0,IRF MASK,0,24.73,94,0,0,58,28.66,67.43,30000,3.59,37.3,79.14,41.65,18460.54,210.72,249,17,14,0.1,-999,273.2,1.3
Microwave (wanted),BOONSBORO,27,X_1020200_,FAA 201545,1,8125,-94,V,MD,6,AR 130766,FT MEADE,7901.167,-211.21,V,0,0,0,IRF MASK,0,22.73,94,0,0,62,135.2,72,30000,3.59,37.3,103.56,60.63,83758.52,197.01,144,38,14,0.1,-999,297.6,0.1
Microwave (wanted),BOONSBORO,27,X_1020200_,FAA 201545,1,8125,-94,V,MD,7,AR 130767,FT MEADE,7901.167,-209.21,V,0,0,0,IRF MASK,0,24.73,94,0,0,58,134.7,68,30000,3.59,37.3,103.56,60.63,83758.52,197.01,145,38,14,0.1,-999,297.6,0.1
Microwave (wanted),BOONSBORO,27,X_1020200_,FAA 201545,1,8125,-94,V,MD,8,AR 210709,FT MEADE,7901.302,-219.9,V,0,0,0,IRF MASK,0,13.73,94,0,0,58,164.45,68,30000,3.59,37.3,103.56,60.63,83758.52,196.7,107,11,14,0.1,-999,297.6,0.1
Microwave (wanted),BOONSBORO,27,X_1020200_,FAA 201545,1,8125,-94,V,MD,9,AR 130729,FT DETRICK,7976.687,-203.59,V,0,0,0,IRF MASK,0,24.73,94,0,0,58,28.66,67.43,30000,3.59,37.3,79.14,41.65,18460.54,210.94,249,17,14,0.1,-999,273.2,1.3
Microwave (wanted),BOONSBORO,27,X_1020200_,FAA 201545,1,8125,-94,V,MD,10,AR 170763,FT MEADE,7998.822,-212.85,V,0,0,0,IRF MASK,0,21.02,40000,0,0,58,51,68,30000,3.59,37.3,103.56,60.63,83758.52,196.94,249,16,14,0.1,-999,297.6,0.1
Microwave (wanted),BOONSBORO,27,X_1020200_,FAA 201545,1,8125,-94,V,MD,11,AR 210737,FT MEADE,8023.562,-211.2,V,0,0,0,IRF MASK,0,22.73,94,0,0,58,51,68,30000,3.59,37.3,103.56,60.63,83758.52,197.01,249,16,14,0.1,-999,297.6,0.1
Microwave (wanted),BOONSBORO,27,X_1020200_,FAA 201545,1,8125,-94,V,MD,12,AR 170790,FT DETRICK,8026.167,-206.07,V,0,0,0,IRF MASK,0,22.73,94,0,0,58,120.53,68,30000,3.59,37.3,79.14,41.65,18460.61,210.85,144,38,14,0.1,-999,273.2,1.3
Microwave (wanted),BOONSBORO,27,X_1020200_,FAA 201545,1,8125,-94,V,MD,13,AR 180715,FT MEADE,8026.167,-211.21,V,0,0,0,IRF MASK,0,22.73,94,0,0,58,135.2,68,30000,3.59,37.3,103.56,60.63,83758.52,197.01,144,38,14,0.1,-999,297.6,0.1
Microwave (wanted),BOONSBORO,27,X_1020200_,FAA 201545,1,8125,-94,V,MD,14,AR 180711,FT MEADE,8045.237,-208.58,V,0,0,0,IRF MASK,0,25.41,5510,0,0,58,51,68,30000,3.59,37.3,103.56,60.63,83758.52,197.06,249,16,14,0.1,-999,297.6,0.1
Microwave (wanted),BOONSBORO,27,X_1020200_,FAA 201545,1,8125,-94,V,MD,15,AR 180714,FT MEADE,8078.271,-203.53,V,0,0,0,IRF MASK,0,30.54,7150,0,0,58,51,68,30000,3.59,37.3,103.56,60.63,83758.52,197.14,249,16,14,0.1,-999,297.6,0.1
Microwave (wanted),BOONSBORO,27,X_1020200_,FAA 201545,1,8125,-94,V,MD,16,AR 170772,FT MEADE,8123.35,-209.48,V,0,0,0,IRF MASK,0,24.7,741.42,0,0,57,135.2,67,30000,3.59,37.3,103.56,60.63,83758.52,197.25,144,38,14,0.1,-999,297.6,0.1
Microwave (wanted),BOONSBORO,27,X_1020200_,FAA 201545,1,8125,-94,V,MD,17,AR 130819,FT MEADE,8143.442,-212.35,V,0,0,0,IRF MASK,0,21.88,1940,0,0,58,135.2,68,30000,3.59,37.3,103.56,60.63,83758.52,197.3,144,38,14,0.1,-999,297.6,0.1
Microwave (wanted),BOONSBORO,27,X_1020200_,FAA 201545,1,8125,-94,V,MD,18,AR 210736,FT MEADE,8151.167,-211.52,V,0,0,0,IRF MASK,0,22.73,94,0,0,58,51,68,30000,3.59,37.3,103.56,60.63,83758.52,197.32,249,16,14,0.1,-999,297.6,0.1
Microwave (wanted),BOONSBORO,27,X_1020200_,FAA 201545,1,8125,-94,V,MD,19,AR 170769,FT MEADE,8180.4,-219.32,V,0,0,0,IRF MASK,0,15,1000,0,0,57,135.2,67,30000,3.59,37.3,103.56,60.63,83758.52,197.39,144,38,14,0.1,-999,297.6,0.1
Microwave (wanted),BOONSBORO,27,X_1020200_,FAA 201545,1,8125,-94,V,MD,20,AR 210711,FT MEADE,8276.302,-220.83,V,0,0,0,IRF MASK,0,13.73,94,0,0,58,164.45,68,30000,3.59,37.3,103.56,60.63,83758.52,197.63,107,11,14,0.1,-999,297.6,0.1
Microwave (wanted),HIGHFIELD CASCADE,28,X_1020200_,FAA 201547,1,7765,-94,V,MD,1,N 153584,ST INIGOES,7900,-178.25,V,0,0,0,IRF MASK,0,53.38,6880,0,0,40,139.84,50,30000,3.59,37.2,42.21,40.58,197297.98,214.66,144.3,39,194,-0.4,-999,152.5,-0.5
Microwave (wanted),HIGHFIELD CASCADE,28,X_1020200_,FAA 201547,1,7765,-94,V,MD,2,AR 120812,FT MEADE,7901.167,-190.98,V,0,0,0,IRF MASK,0,22.73,94,0,0,58,68.28,68,30000,3.59,37.2,58.13,41.95,92706.77,195.37,249,16,194,-0.4,-999,136.4,0.1
Microwave (wanted),HIGHFIELD CASCADE,28,X_1020200_,FAA 201547,1,7765,-94,V,MD,3,AR 130712,FT DETRICK,7901.167,-200.9,V,0,0,0,IRF MASK,0,24.73,94,0,0,58,136.49,68,30000,3.59,37.2,30.98,37.23,30041.36,212.01,142,40,194,-0.4,-999,163.1,1
Microwave (wanted),HIGHFIELD CASCADE,28,X_1020200_,FAA 201547,1,7765,-94,V,MD,4,AR 130728,FT DETRICK,7901.167,-202.9,V,0,0,0,IRF MASK,0,22.73,94,0,0,58,93.96,68,30000,3.59,37.2,30.98,37.23,30041.36,212.01,249,17,194,-0.4,-999,163.1,1
Microwave (wanted),HIGHFIELD CASCADE,28,X_1020200_,FAA 201547,1,7765,-94,V,MD,5,AR 130756,FT DETRICK,7901.167,-200.9,V,0,0,0,IRF MASK,0,24.73,94,0,0,58,93.96,68,30000,3.59,37.2,30.98,37.23,30041.36,212.01,249,17,194,-0.4,-999,163.1,1
Microwave (wanted),HIGHFIELD CASCADE,28,X_1020200_,FAA 201547,1,7765,-94,V,MD,6,AR 130766,FT MEADE,7901.167,-190.98,V,0,0,0,IRF MASK,0,22.73,94,0,0,62,141.44,72,30000,3.59,37.2,58.13,41.95,92706.77,195.37,144,38,194,-0.4,-999,136.4,0.1
Microwave (wanted),HIGHFIELD CASCADE,28,X_1020200_,FAA 201547,1,7765,-94,V,MD,7,AR 130767,FT MEADE,7901.167,-188.98,V,0,0,0,IRF MASK,0,24.73,94,0,0,58,141.26,68,30000,3.59,37.2,58.13,41.95,92706.77,195.37,145,38,194,-0.4,-999,136.4,0.1
Microwave (wanted),HIGHFIELD CASCADE,28,X_1020200_,FAA 201547,1,7765,-94,V,MD,8,AR 210709,FT MEADE,7901.302,-200.85,V,0,0,0,IRF MASK,0,13.73,94,0,0,58,148.85,68,30000,3.59,37.2,58.13,41.95,92706.77,196.23,107,11,194,-0.4,-999,136.4,0.1
Microwave (wanted),HIGHFIELD CASCADE,28,X_1020200_,FAA 201547,1,7765,-94,V,MD,9,AR 130729,FT DETRICK,7976.687,-201.1,V,0,0,0,IRF MASK,0,24.73,94,0,0,58,93.96,68,30000,3.59,37.2,30.98,37.23,30041.36,212.21,249,17,194,-0.4,-999,163.1,1
Microwave (wanted),HIGHFIELD CASCADE,28,X_1020200_,FAA 201547,1,7765,-94,V,MD,10,AR 170763,FT MEADE,7998.822,-193.8,V,0,0,0,IRF MASK,0,21.02,40000,0,0,58,68.28,68,30000,3.59,37.2,58.13,41.95,92706.77,196.48,249,16,194,-0.4,-999,136.4,0.1
Microwave (wanted),HIGHFIELD CASCADE,29,X_1020202,FAA 201663,1,7915,-94,H,MD,1,N 153584,ST INIGOES,7900,-147.46,V,0,0,3,IRF MASK,0,53.38,6880,0,0,40,139.84,50,30000,1.2,40.5,1.62,12.48,197297.98,214.66,144.3,39,153.4,-0.6,-999,152.5,-0.5
Microwave (wanted),HIGHFIELD CASCADE,29,X_1020202,FAA 201663,1,7915,-94,H,MD,2,AR 120812,FT MEADE,7901.167,-179.34,V,0,0,0,IRF MASK,0,22.73,94,0,0,58,68.28,68,30000,1.2,40.5,17.53,35.99,92706.77,195.38,249,16,153.4,-0.6,-999,136.4,0.1
Microwave (wanted),HIGHFIELD CASCADE,29,X_1020202,FAA 201663,1,7915,-94,H,MD,3,AR 130712,FT DETRICK,7901.167,-187.53,V,0,0,0,IRF MASK,0,24.73,94,0,0,58,136.49,68,30000,1.2,40.5,9.65,29.51,30041.36,212.05,142,40,153.4,-0.6,-999,163.1,1
Microwave (wanted),HIGHFIELD CASCADE,29,X_1020202,FAA 201663,1,7915,-94,H,MD,4,AR 130728,FT DETRICK,7901.167,-189.53,V,0,0,0,IRF MASK,0,22.73,94,0,0,58,93.96,68,30000,1.2,40.5,9.65,29.51,30041.36,212.05,249,17,153.4,-0.6,-999,163.1,1
Microwave (wanted),HIGHFIELD CASCADE,29,X_1020202,FAA 201663,1,7915,-94,H,MD,5,AR 130756,FT DETRICK,7901.167,-187.53,V,0,0,0,IRF MASK,0,24.73,94,0,0,58,93.96,68,30000,1.2,40.5,9.65,29.51,30041.36,212.05,249,17,153.4,-0.6,-999,163.1,1
Microwave (wanted),HIGHFIELD CASCADE,29,X_1020202,FAA 201663,1,7915,-94,H,MD,6,AR 130766,FT MEADE,7901.167,-179.34,V,0,0,0,IRF MASK,0,22.73,94,0,0,62,141.44,72,30000,1.2,40.5,17.53,35.99,92706.77,195.38,144,38,153.4,-0.6,-999,136.4,0.1
Microwave (wanted),HIGHFIELD CASCADE,29,X_1020202,FAA 201663,1,7915,-94,H,MD,7,AR 130767,FT MEADE,7901.167,-177.34,V,0,0,0,IRF MASK,0,24.73,94,0,0,58,141.26,68,30000,1.2,40.5,17.53,35.99,92706.77,195.38,145,38,153.4,-0.6,-999,136.4,0.1
Microwave (wanted),HIGHFIELD CASCADE,29,X_1020202,FAA 201663,1,7915,-94,H,MD,8,AR 210709,FT MEADE,7901.302,-189.21,V,0,0,0,IRF MASK,0,13.73,94,0,0,58,148.85,68,30000,1.2,40.5,17.53,35.99,92706.77,196.25,107,11,153.4,-0.6,-999,136.4,0.1
Microwave (wanted),HIGHFIELD CASCADE,29,X_1020202,FAA 201663,1,7915,-94,H,MD,9,AR 130729,FT DETRICK,7976.687,-187.73,V,0,0,0,IRF MASK,0,24.73,94,0,0,58,93.96,68,30000,1.2,40.5,9.65,29.51,30041.36,212.25,249,17,153.4,-0.6,-999,163.1,1
Microwave (wanted),HIGHFIELD CASCADE,29,X_1020202,FAA 201663,1,7915,-94,H,MD,10,AR 170763,FT MEADE,7998.822,-182.16,V,0,0,0,IRF MASK,0,21.02,40000,0,0,58,68.28,68,30000,1.2,40.5,17.53,35.99,92706.77,196.49,249,16,153.4,-0.6,-999,136.4,0.1
Microwave (wanted),HIGHFIELD CASCADE,29,X_1020202,FAA 201663,1,7915,-94,H,MD,11,AR 210737,FT MEADE,8023.562,-180.51,V,0,0,0,IRF MASK,0,22.73,94,0,0,58,68.28,68,30000,1.2,40.5,17.53,35.99,92706.77,196.55,249,16,153.4,-0.6,-999,136.4,0.1
Microwave (wanted),HIGHFIELD CASCADE,29,X_1020202,FAA 201663,1,7915,-94,H,MD,12,AR 170790,FT DETRICK,8026.167,-189.99,V,0,0,0,IRF MASK,0,22.73,94,0,0,58,139.02,68,30000,1.2,40.5,9.65,29.51,30041.41,212.51,144,38,153.4,-0.6,-999,163.1,1
Microwave (wanted),HIGHFIELD CASCADE,29,X_1020202,FAA 201663,1,7915,-94,H,MD,13,AR 180715,FT MEADE,8026.167,-180.52,V,0,0,0,IRF MASK,0,22.73,94,0,0,58,141.44,68,30000,1.2,40.5,17.53,35.99,92706.77,196.56,144,38,153.4,-0.6,-999,136.4,0.1
Microwave (wanted),HIGHFIELD CASCADE,29,X_1020202,FAA 201663,1,7915,-94,H,MD,14,AR 180711,FT MEADE,8045.237,-177.89,V,0,0,0,IRF MASK,0,25.41,5510,0,0,58,68.28,68,30000,1.2,40.5,17.53,35.99,92706.77,196.61,249,16,153.4,-0.6,-999,136.4,0.1
Microwave (wanted),HIGHFIELD CASCADE,29,X_1020202,FAA 201663,1,7915,-94,H,MD,15,AR 180714,FT MEADE,8078.271,-172.84,V,0,0,0,IRF MASK,0,30.54,7150,0,0,58,68.28,68,30000,1.2,40.5,17.53,35.99,92706.77,196.69,249,16,153.4,-0.6,-999,136.4,0.1
Microwave (wanted),HIGHFIELD CASCADE,29,X_1020202,FAA 201663,1,7915,-94,H,MD,16,AR 170772,FT MEADE,8123.35,-178.79,V,0,0,0,IRF MASK,0,24.7,741.42,0,0,57,141.44,67,30000,1.2,40.5,17.53,35.99,92706.77,196.8,144,38,153.4,-0.6,-999,136.4,0.1
Microwave (wanted),HAUVERS,30,X_1020202,FAA 201665,1,8275,-94,H,MD,15,AR 180714,FT MEADE,8078.271,-182.07,V,0,0,0,IRF MASK,0,30.54,7150,0,0,58,67.47,68,30000,1.2,40.5,161.61,46.9,86106.8,195.01,249,16,333.4,0.6,-999,135.5,0.1
Microwave (wanted),HAUVERS,30,X_1020202,FAA 201665,1,8275,-94,H,MD,16,AR 170772,FT MEADE,8123.35,-188.02,V,0,0,0,IRF MASK,0,24.7,741.42,0,0,57,141.26,67,30000,1.2,40.5,161.61,46.9,86106.8,195.12,144,38,333.4,0.6,-999,135.5,0.1
Microwave (wanted),HAUVERS,30,X_1020202,FAA 201665,1,8275,-94,H,MD,17,AR 130819,FT MEADE,8143.442,-190.89,V,0,0,0,IRF MASK,0,21.88,1940,0,0,58,141.26,68,30000,1.2,40.5,161.61,46.9,86106.8,195.17,144,38,333.4,0.6,-999,135.5,0.1
Microwave (wanted),HAUVERS,30,X_1020202,FAA 201665,1,8275,-94,H,MD,18,AR 210736,FT MEADE,8151.167,-190.05,V,0,0,0,IRF MASK,0,22.73,94,0,0,58,67.47,68,30000,1.2,40.5,161.61,46.9,86106.8,195.19,249,16,333.4,0.6,-999,135.5,0.1
Microwave (wanted),HAUVERS,30,X_1020202,FAA 201665,1,8275,-94,H,MD,19,AR 170769,FT MEADE,8180.4,-197.86,V,0,0,0,IRF MASK,0,15,1000,0,0,57,141.26,67,30000,1.2,40.5,161.61,46.9,86106.8,195.26,144,38,333.4,0.6,-999,135.5,0.1
Microwave (wanted),HAUVERS,30,X_1020202,FAA 201665,1,8275,-94,H,MD,20,AR 210711,FT MEADE,8276.302,-199.36,V,0,0,0,IRF MASK,0,13.73,94,0,0,58,149.63,68,30000,1.2,40.5,161.61,46.9,86106.8,195.49,107,11,333.4,0.6,-999,135.5,0.1
Microwave (wanted),HAUVERS,30,X_1020202,FAA 201665,1,8275,-94,H,MD,21,AR 170791,FT DETRICK,8398.562,-201.54,V,0,0,0,IRF MASK,0,22.73,94,0,0,58,137.05,68,30000,1.2,40.5,165.68,46.9,23650.06,206.67,144,38,333.4,0.6,-999,167.7,1.1
Microwave (wanted),HAUVERS,30,X_1020202,FAA 201665,1,8275,-94,H,MD,22,AR 180716,FT MEADE,8398.562,-190.65,V,0,0,0,IRF MASK,0,22.73,94,0,0,58,141.26,68,30000,1.2,40.5,161.61,46.9,86106.8,195.78,144,38,333.4,0.6,-999,135.5,0.1
Microwave (wanted),HIGHFIELD CASCADE,31,X_1020202_,FAA 201663,1,7825,-94,H,MD,1,N 153584,ST INIGOES,7900,-144.45,V,0,0,0,IRF MASK,0,53.38,6880,0,0,40,139.84,50,30000,1.2,40.5,1.62,12.48,197297.98,214.66,144.3,39,153.4,-0.6,-999,152.5,-0.5
Microwave (wanted),HIGHFIELD CASCADE,31,X_1020202_,FAA 201663,1,7825,-94,H,MD,2,AR 120812,FT MEADE,7901.167,-179.34,V,0,0,0,IRF MASK,0,22.73,94,0,0,58,68.28,68,30000,1.2,40.5,17.53,35.99,92706.77,195.38,249,16,153.4,-0.6,-999,136.4,0.1
Microwave (wanted),HIGHFIELD CASCADE,31,X_1020202_,FAA 201663,1,7825,-94,H,MD,3,AR 130712,FT DETRICK,7901.167,-187.53,V,0,0,0,IRF MASK,0,24.73,94,0,0,58,136.49,68,30000,1.2,40.5,9.65,29.51,30041.36,212.05,142,40,153.4,-0.6,-999,163.1,1
Microwave (wanted),HIGHFIELD CASCADE,31,X_1020202_,FAA 201663,1,7825,-94,H,MD,4,AR 130728,FT DETRICK,7901.167,-189.53,V,0,0,0,IRF MASK,0,22.73,94,0,0,58,93.96,68,30000,1.2,40.5,9.65,29.51,30041.36,212.05,249,17,153.4,-0.6,-999,163.1,1
Microwave (wanted),HIGHFIELD CASCADE,31,X_1020202_,FAA 201663,1,7825,-94,H,MD,5,AR 130756,FT DETRICK,7901.167,-187.53,V,0,0,0,IRF MASK,0,24.73,94,0,0,58,93.96,68,30000,1.2,40.5,9.65,29.51,30041.36,212.05,249,17,153.4,-0.6,-999,163.1,1
Microwave (wanted),HIGHFIELD CASCADE,31,X_1020202_,FAA 201663,1,7825,-94,H,MD,6,AR 130766,FT MEADE,7901.167,-179.34,V,0,0,0,IRF MASK,0,22.73,94,0,0,62,141.44,72,30000,1.2,40.5,17.53,35.99,92706.77,195.38,144,38,153.4,-0.6,-999,136.4,0.1
Microwave (wanted),HIGHFIELD CASCADE,31,X_1020202_,FAA 201663,1,7825,-94,H,MD,7,AR 130767,FT MEADE,7901.167,-177.34,V,0,0,0,IRF MASK,0,24.73,94,0,0,58,141.26,68,30000,1.2,40.5,17.53,35.99,92706.77,195.38,145,38,153.4,-0.6,-999,136.4,0.1
Microwave (wanted),HIGHFIELD CASCADE,31,X_1020202_,FAA 201663,1,7825,-94,H,MD,8,AR 210709,FT MEADE,7901.302,-189.21,V,0,0,0,IRF MASK,0,13.73,94,0,0,58,148.85,68,30000,1.2,40.5,17.53,35.99,92706.77,196.25,107,11,153.4,-0.6,-999,136.4,0.1
Microwave (wanted),HIGHFIELD CASCADE,31,X_1020202_,FAA 201663,1,7825,-94,H,MD,9,AR 130729,FT DETRICK,7976.687,-187.73,V,0,0,0,IRF MASK,0,24.73,94,0,0,58,93.96,68,30000,1.2,40.5,9.65,29.51,30041.36,212.25,249,17,153.4,-0.6,-999,163.1,1
Microwave (wanted),HIGHFIELD CASCADE,31,X_1020202_,FAA 201663,1,7825,-94,H,MD,10,AR 170763,FT MEADE,7998.822,-182.16,V,0,0,0,IRF MASK,0,21.02,40000,0,0,58,68.28,68,30000,1.2,40.5,17.53,35.99,92706.77,196.49,249,16,153.4,-0.6,-999,136.4,0.1
Microwave (wanted),HIGHFIELD CASCADE,31,X_1020202_,FAA 201663,1,7825,-94,H,MD,11,AR 210737,FT MEADE,8023.562,-180.51,V,0,0,0,IRF MASK,0,22.73,94,0,0,58,68.28,68,30000,1.2,40.5,17.53,35.99,92706.77,196.55,249,16,153.4,-0.6,-999,136.4,0.1
Microwave (wanted),HIGHFIELD CASCADE,31,X_1020202_,FAA 201663,1,7825,-94,H,MD,12,AR 170790,FT DETRICK,8026.167,-189.99,V,0,0,0,IRF MASK,0,22.73,94,0,0,58,139.02,68,30000,1.2,40.5,9.65,29.51,30041.41,212.51,144,38,153.4,-0.6,-999,163.1,1
Microwave (wanted),HIGHFIELD CASCADE,31,X_1020202_,FAA 201663,1,7825,-94,H,MD,13,AR 180715,FT MEADE,8026.167,-180.52,V,0,0,0,IRF MASK,0,22.73,94,0,0,58,141.44,68,30000,1.2,40.5,17.53,35.99,92706.77,196.56,144,38,153.4,-0.6,-999,136.4,0.1
Microwave (wanted),HIGHFIELD CASCADE,31,X_1020202_,FAA 201663,1,7825,-94,H,MD,14,AR 180711,FT MEADE,8045.237,-177.89,V,0,0,0,IRF MASK,0,25.41,5510,0,0,58,68.28,68,30000,1.2,40.5,17.53,35.99,92706.77,196.61,249,16,153.4,-0.6,-999,136.4,0.1
Microwave (wanted),HAUVERS,32,X_1020202_,FAA 201665,1,8185,-94,H,MD,9,AR 130729,FT DETRICK,7976.687,-198.99,V,0,0,0,IRF MASK,0,24.73,94,0,0,58,98.34,68,30000,1.2,40.5,165.68,46.9,23650,206.12,249,17,333.4,0.6,-999,167.7,1
Microwave (wanted),HAUVERS,32,X_1020202_,FAA 201665,1,8185,-94,H,MD,10,AR 170763,FT MEADE,7998.822,-191.39,V,0,0,0,IRF MASK,0,21.02,40000,0,0,58,67.47,68,30000,1.2,40.5,161.61,46.9,86106.8,194.81,249,16,333.4,0.6,-999,135.5,0.1
Microwave (wanted),HAUVERS,32,X_1020202_,FAA 201665,1,8185,-94,H,MD,11,AR 210737,FT MEADE,8023.562,-189.74,V,0,0,0,IRF MASK,0,22.73,94,0,0,58,67.47,68,30000,1.2,40.5,161.61,46.9,86106.8,194.87,249,16,333.4,0.6,-999,135.5,0.1
Microwave (wanted),HAUVERS,32,X_1020202_,FAA 201665,1,8185,-94,H,MD,12,AR 170790,FT DETRICK,8026.167,-200.52,V,0,0,0,IRF MASK,0,22.73,94,0,0,58,137.05,68,30000,1.2,40.5,165.68,46.9,23650.06,205.65,144,38,333.4,0.6,-999,167.7,1.1
Microwave (wanted),HAUVERS,32,X_1020202_,FAA 201665,1,8185,-94,H,MD,13,AR 180715,FT MEADE,8026.167,-189.75,V,0,0,0,IRF MASK,0,22.73,94,0,0,58,141.26,68,30000,1.2,40.5,161.61,46.9,86106.8,194.88,144,38,333.4,0.6,-999,135.5,0.1
Microwave (wanted),HAUVERS,32,X_1020202_,FAA 201665,1,8185,-94,H,MD,14,AR 180711,FT MEADE,8045.237,-187.12,V,0,0,0,IRF MASK,0,25.41,5510,0,0,58,67.47,68,30000,1.2,40.5,161.61,46.9,86106.8,194.93,249,16,333.4,0.6,-999,135.5,0.1
Microwave (wanted),HAUVERS,32,X_1020202_,FAA 201665,1,8185,-94,H,MD,15,AR 180714,FT MEADE,8078.271,-182.07,V,0,0,0,IRF MASK,0,30.54,7150,0,0,58,67.47,68,30000,1.2,40.5,161.61,46.9,86106.8,195.01,249,16,333.4,0.6,-999,135.5,0.1
Microwave (wanted),HAUVERS,32,X_1020202_,FAA 201665,1,8185,-94,H,MD,16,AR 170772,FT MEADE,8123.35,-188.02,V,0,0,0,IRF MASK,0,24.7,741.42,0,0,57,141.26,67,30000,1.2,40.5,161.61,46.9,86106.8,195.12,144,38,333.4,0.6,-999,135.5,0.1
Microwave (wanted),HAUVERS,32,X_1020202_,FAA 201665,1,8185,-94,H,MD,17,AR 130819,FT MEADE,8143.442,-190.89,V,0,0,0,IRF MASK,0,21.88,1940,0,0,58,141.26,68,30000,1.2,40.5,161.61,46.9,86106.8,195.17,144,38,333.4,0.6,-999,135.5,0.1
Microwave (wanted),HAUVERS,32,X_1020202_,FAA 201665,1,8185,-94,H,MD,18,AR 210736,FT MEADE,8151.167,-190.05,V,0,0,0,IRF MASK,0,22.73,94,0,0,58,67.47,68,30000,1.2,40.5,161.61,46.9,86106.8,195.19,249,16,333.4,0.6,-999,135.5,0.1
Microwave (wanted),HAUVERS,32,X_1020202_,FAA 201665,1,8185,-94,H,MD,19,AR 170769,FT MEADE,8180.4,-197.86,V,0,0,0,IRF MASK,0,15,1000,0,0,57,141.26,67,30000,1.2,40.5,161.61,46.9,86106.8,195.26,144,38,333.4,0.6,-999,135.5,0.1
Microwave (wanted),HAUVERS,32,X_1020202_,FAA 201665,1,8185,-94,H,MD,20,AR 210711,FT MEADE,8276.302,-199.36,V,0,0,0,IRF MASK,0,13.73,94,0,0,58,149.63,68,30000,1.2,40.5,161.61,46.9,86106.8,195.49,107,11,333.4,0.6,-999,135.5,0.1
Microwave (wanted),HAUVERS,32,X_1020202_,FAA 201665,1,8185,-94,H,MD,21,AR 170791,FT DETRICK,8398.562,-201.54,V,0,0,0,IRF MASK,0,22.73,94,0,0,58,137.05,68,30000,1.2,40.5,165.68,46.9,23650.06,206.67,144,38,333.4,0.6,-999,167.7,1.1
Microwave (wanted),HAUVERS,32,X_1020202_,FAA 201665,1,8185,-94,H,MD,22,AR 180716,FT MEADE,8398.562,-190.65,V,0,0,0,IRF MASK,0,22.73,94,0,0,58,141.26,68,30000,1.2,40.5,161.61,46.9,86106.8,195.78,144,38,333.4,0.6,-999,135.5,0.1
Microwave (wanted),HIGHFIELD CASCADE,33,X_1020203,FAA 201667,1,8005,-94,V,MD,1,N 153584,ST INIGOES,7900,-179.47,V,0,0,0,IRF MASK,0,53.38,6880,0,0,40,139.84,50,30000,1.8,40.5,88.4,46.9,197297.98,214.66,144.3,39,63.4,-1.1,-999,152.5,-0.5
Microwave (wanted),HIGHFIELD CASCADE,33,X_1020203,FAA 201667,1,8005,-94,V,MD,2,AR 120812,FT MEADE,7901.167,-190.84,V,0,0,0,IRF MASK,0,22.73,94,0,0,58,68.28,68,30000,1.8,40.5,72.47,46.9,92706.77,195.37,249,16,63.4,-1.1,-999,136.4,0.1
Microwave (wanted),HIGHFIELD CASCADE,33,X_1020203,FAA 201667,1,8005,-94,V,MD,3,AR 130712,FT DETRICK,7901.167,-205.47,V,0,0,0,IRF MASK,0,24.73,94,0,0,58,136.49,68,30000,1.8,40.5,99.63,46.9,30041.36,212.01,142,40,63.4,-1.1,-999,163.1,1
Microwave (wanted),HIGHFIELD CASCADE,33,X_1020203,FAA 201667,1,8005,-94,V,MD,4,AR 130728,FT DETRICK,7901.167,-207.47,V,0,0,0,IRF MASK,0,22.73,94,0,0,58,93.96,68,30000,1.8,40.5,99.63,46.9,30041.36,212.01,249,17,63.4,-1.1,-999,163.1,1
Microwave (wanted),HIGHFIELD CASCADE,33,X_1020203,FAA 201667,1,8005,-94,V,MD,5,AR 130756,FT DETRICK,7901.167,-205.47,V,0,0,0,IRF MASK,0,24.73,94,0,0,58,93.96,68,30000,1.8,40.5,99.63,46.9,30041.36,212.01,249,17,63.4,-1.1,-999,163.1,1
Microwave (wanted),HIGHFIELD CASCADE,33,X_1020203,FAA 201667,1,8005,-94,V,MD,6,AR 130766,FT MEADE,7901.167,-190.84,V,0,0,0,IRF MASK,0,22.73,94,0,0,62,141.44,72,30000,1.8,40.5,72.47,46.9,92706.77,195.37,144,38,63.4,-1.1,-999,136.4,0.1
Microwave (wanted),HIGHFIELD CASCADE,33,X_1020203,FAA 201667,1,8005,-94,V,MD,7,AR 130767,FT MEADE,7901.167,-188.84,V,0,0,0,IRF MASK,0,24.73,94,0,0,58,141.26,68,30000,1.8,40.5,72.47,46.9,92706.77,195.37,145,38,63.4,-1.1,-999,136.4,0.1
Microwave (wanted),HIGHFIELD CASCADE,33,X_1020203,FAA 201667,1,8005,-94,V,MD,8,AR 210709,FT MEADE,7901.302,-200.7,V,0,0,0,IRF MASK,0,13.73,94,0,0,58,148.85,68,30000,1.8,40.5,72.47,46.9,92706.77,196.23,107,11,63.4,-1.1,-999,136.4,0.1
Microwave (wanted),HIGHFIELD CASCADE,33,X_1020203,FAA 201667,1,8005,-94,V,MD,9,AR 130729,FT DETRICK,7976.687,-205.67,V,0,0,0,IRF MASK,0,24.73,94,0,0,58,93.96,68,30000,1.8,40.5,99.63,46.9,30041.36,212.21,249,17,63.4,-1.1,-999,163.1,1
Microwave (wanted),HIGHFIELD CASCADE,33,X_1020203,FAA 201667,1,8005,-94,V,MD,10,AR 170763,FT MEADE,7998.822,-195.08,V,0,0,1.4,IRF MASK,0,21.02,40000,0,0,58,68.28,68,30000,1.8,40.5,72.47,46.9,92706.77,196.48,249,16,63.4,-1.1,-999,136.4,0.1
Microwave (wanted),HIGHFIELD CASCADE,33,X_1020203,FAA 201667,1,8005,-94,V,MD,11,AR 210737,FT MEADE,8023.562,-192,V,0,0,0,IRF MASK,0,22.73,94,0,0,58,68.28,68,30000,1.8,40.5,72.47,46.9,92706.77,196.54,249,16,63.4,-1.1,-999,136.4,0.1
Microwave (wanted),HIGHFIELD CASCADE,33,X_1020203,FAA 201667,1,8005,-94,V,MD,12,AR 170790,FT DETRICK,8026.167,-207.94,V,0,0,0,IRF MASK,0,22.73,94,0,0,58,139.02,68,30000,1.8,40.5,99.63,46.9,30041.41,212.47,144,38,63.4,-1.1,-999,163.1,1
Microwave (wanted),HIGHFIELD CASCADE,33,X_1020203,FAA 201667,1,8005,-94,V,MD,13,AR 180715,FT MEADE,8026.167,-192.01,V,0,0,0,IRF MASK,0,22.73,94,0,0,58,141.44,68,30000,1.8,40.5,72.47,46.9,92706.77,196.54,144,38,63.4,-1.1,-999,136.4,0.1
Microwave (wanted),HIGHFIELD CASCADE,33,X_1020203,FAA 201667,1,8005,-94,V,MD,14,AR 180711,FT MEADE,8045.237,-189.38,V,0,0,0,IRF MASK,0,25.41,5510,0,0,58,68.28,68,30000,1.8,40.5,72.47,46.9,92706.77,196.59,249,16,63.4,-1.1,-999,136.4,0.1
Microwave (wanted),HIGHFIELD CASCADE,33,X_1020203,FAA 201667,1,8005,-94,V,MD,15,AR 180714,FT MEADE,8078.271,-184.33,V,0,0,0,IRF MASK,0,30.54,7150,0,0,58,68.28,68,30000,1.8,40.5,72.47,46.9,92706.77,196.67,249,16,63.4,-1.1,-999,136.4,0.1
Microwave (wanted),HIGHFIELD CASCADE,33,X_1020203,FAA 201667,1,8005,-94,V,MD,16,AR 170772,FT MEADE,8123.35,-190.28,V,0,0,0,IRF MASK,0,24.7,741.42,0,0,57,141.44,67,30000,1.8,40.5,72.47,46.9,92706.77,196.79,144,38,63.4,-1.1,-999,136.4,0.1
Microwave (wanted),HIGHFIELD CASCADE,33,X_1020203,FAA 201667,1,8005,-94,V,MD,17,AR 130819,FT MEADE,8143.442,-193.15,V,0,0,0,IRF MASK,0,21.88,1940,0,0,58,141.44,68,30000,1.8,40.5,72.47,46.9,92706.77,196.83,144,38,63.4,-1.1,-999,136.4,0.1
Microwave (wanted),HIGHFIELD CASCADE,33,X_1020203,FAA 201667,1,8005,-94,V,MD,18,AR 210736,FT MEADE,8151.167,-192.32,V,0,0,0,IRF MASK,0,22.73,94,0,0,58,68.28,68,30000,1.8,40.5,72.47,46.9,92706.77,196.85,249,16,63.4,-1.1,-999,136.4,0.1
Microwave (wanted),HIGHFIELD CASCADE,33,X_1020203,FAA 201667,1,8005,-94,V,MD,19,AR 170769,FT MEADE,8180.4,-200.12,V,0,0,0,IRF MASK,0,15,1000,0,0,57,141.44,67,30000,1.8,40.5,72.47,46.9,92706.77,196.92,144,38,63.4,-1.1,-999,136.4,0.1
Microwave (wanted),FAIRFIELD,34,X_1020203,FAA 201669,1,8365,-94,V,MD,17,AR 130819,FT MEADE,8143.442,-208.76,V,0,0,0,IRF MASK,0,21.88,1940,0,0,58,141.91,68,30000,1.8,40.5,102.03,46.9,90700.89,212.45,144,38,243.4,1.1,-999,141.8,0
Microwave (wanted),FAIRFIELD,34,X_1020203,FAA 201669,1,8365,-94,V,MD,18,AR 210736,FT MEADE,8151.167,-207.94,V,0,0,0,IRF MASK,0,22.73,94,0,0,58,73.49,68,30000,1.8,40.5,102.03,46.9,90700.89,212.47,249,16,243.4,1.1,-999,141.8,0
Microwave (wanted),FAIRFIELD,34,X_1020203,FAA 201669,1,8365,-94,V,MD,19,AR 170769,FT MEADE,8180.4,-215.75,V,0,0,0,IRF MASK,0,15,1000,0,0,57,141.91,67,30000,1.8,40.5,102.03,46.9,90700.89,212.56,144,38,243.4,1.1,-999,141.8,0
Microwave (wanted),FAIRFIELD,34,X_1020203,FAA 201669,1,8365,-94,V,MD,20,AR 210711,FT MEADE,8276.302,-217.3,V,0,0,0,IRF MASK,0,13.73,94,0,0,58,143.71,68,30000,1.8,40.5,102.03,46.9,90700.89,212.83,107,11,243.4,1.1,-999,141.8,0
Microwave (wanted),FAIRFIELD,34,X_1020203,FAA 201669,1,8365,-94,V,MD,21,AR 170791,FT DETRICK,8398.562,-211.08,V,0,0,0,IRF MASK,0,22.73,94,0,0,58,130.87,68,30000,1.8,40.5,64.96,46.9,32990.34,215.61,144,38,243.4,1.1,-999,178.5,0.6
Microwave (wanted),FAIRFIELD,34,X_1020203,FAA 201669,1,8365,-94,V,MD,22,AR 180716,FT MEADE,8398.562,-208.65,V,0,0,0,IRF MASK,0,22.73,94,0,0,58,141.91,68,30000,1.8,40.5,102.03,46.9,90700.89,213.19,144,38,243.4,1.1,-999,141.8,0
Microwave (wanted),HIGHFIELD CASCADE,35,X_1020203_,FAA 201667,1,7795,-94,V,MD,1,N 153584,ST INIGOES,7900,-179.47,V,0,0,0,IRF MASK,0,53.38,6880,0,0,40,139.84,50,30000,1.8,40.5,88.4,46.9,197297.98,214.66,144.3,39,63.4,-1.1,-999,152.5,-0.5
Microwave (wanted),HIGHFIELD CASCADE,35,X_1020203_,FAA 201667,1,7795,-94,V,MD,2,AR 120812,FT MEADE,7901.167,-190.84,V,0,0,0,IRF MASK,0,22.73,94,0,0,58,68.28,68,30000,1.8,40.5,72.47,46.9,92706.77,195.37,249,16,63.4,-1.1,-999,136.4,0.1
Microwave (wanted),HIGHFIELD CASCADE,35,X_1020203_,FAA 201667,1,7795,-94,V,MD,3,AR 130712,FT DETRICK,7901.167,-205.47,V,0,0,0,IRF MASK,0,24.73,94,0,0,58,136.49,68,30000,1.8,40.5,99.63,46.9,30041.36,212.01,142,40,63.4,-1.1,-999,163.1,1
Microwave (wanted),HIGHFIELD CASCADE,35,X_1020203_,FAA 201667,1,7795,-94,V,MD,4,AR 130728,FT DETRICK,7901.167,-207.47,V,0,0,0,IRF MASK,0,22.73,94,0,0,58,93.96,68,30000,1.8,40.5,99.63,46.9,30041.36,212.01,249,17,63.4,-1.1,-999,163.1,1
Microwave (wanted),HIGHFIELD CASCADE,35,X_1020203_,FAA 201667,1,7795,-94,V,MD,5,AR 130756,FT DETRICK,7901.167,-205.47,V,0,0,0,IRF MASK,0,24.73,94,0,0,58,93.96,68,30000,1.8,40.5,99.63,46.9,30041.36,212.01,249,17,63.4,-1.1,-999,163.1,1
Microwave (wanted),HIGHFIELD CASCADE,35,X_1020203_,FAA 201667,1,7795,-94,V,MD,6,AR 130766,FT MEADE,7901.167,-190.84,V,0,0,0,IRF MASK,0,22.73,94,0,0,62,141.44,72,30000,1.8,40.5,72.47,46.9,92706.77,195.37,144,38,63.4,-1.1,-999,136.4,0.1
Microwave (wanted),HIGHFIELD CASCADE,35,X_1020203_,FAA 201667,1,7795,-94,V,MD,7,AR 130767,FT MEADE,7901.167,-188.84,V,0,0,0,IRF MASK,0,24.73,94,0,0,58,141.26,68,30000,1.8,40.5,72.47,46.9,92706.77,195.37,145,38,63.4,-1.1,-999,136.4,0.1
Microwave (wanted),HIGHFIELD CASCADE,35,X_1020203_,FAA 201667,1,7795,-94,V,MD,8,AR 210709,FT MEADE,7901.302,-200.7,V,0,0,0,IRF MASK,0,13.73,94,0,0,58,148.85,68,30000,1.8,40.5,72.47,46.9,92706.77,196.23,107,11,63.4,-1.1,-999,136.4,0.1
Microwave (wanted),HIGHFIELD CASCADE,35,X_1020203_,FAA 201667,1,7795,-94,V,MD,9,AR 130729,FT DETRICK,7976.687,-205.67,V,0,0,0,IRF MASK,0,24.73,94,0,0,58,93.96,68,30000,1.8,40.5,99.63,46.9,30041.36,212.21,249,17,63.4,-1.1,-999,163.1,1
Microwave (wanted),HIGHFIELD CASCADE,35,X_1020203_,FAA 201667,1,7795,-94,V,MD,10,AR 170763,FT MEADE,7998.822,-193.65,V,0,0,0,IRF MASK,0,21.02,40000,0,0,58,68.28,68,30000,1.8,40.5,72.47,46.9,92706.77,196.48,249,16,63.4,-1.1,-999,136.4,0.1
Microwave (wanted),FAIRFIELD,36,X_1020203_,FAA 201669,1,8155,-94,V,MD,9,AR 130729,FT DETRICK,7976.687,-210.01,V,0,0,0,IRF MASK,0,24.73,94,0,0,58,108.67,68,30000,1.8,40.5,64.96,46.9,32990.31,216.54,249,17,243.4,1.1,-999,178.5,0.6
Microwave (wanted),FAIRFIELD,36,X_1020203_,FAA 201669,1,8155,-94,V,MD,10,AR 170763,FT MEADE,7998.822,-209.2,V,0,0,0,IRF MASK,0,21.02,40000,0,0,58,73.49,68,30000,1.8,40.5,102.03,46.9,90700.89,212.02,249,16,243.4,1.1,-999,141.8,0
Microwave (wanted),FAIRFIELD,36,X_1020203_,FAA 201669,1,8155,-94,V,MD,11,AR 210737,FT MEADE,8023.562,-207.56,V,0,0,0,IRF MASK,0,22.73,94,0,0,58,73.49,68,30000,1.8,40.5,102.03,46.9,90700.89,212.09,249,16,243.4,1.1,-999,141.8,0
Microwave (wanted),FAIRFIELD,36,X_1020203_,FAA 201669,1,8155,-94,V,MD,12,AR 170790,FT DETRICK,8026.167,-209.91,V,0,0,0,IRF MASK,0,22.73,94,0,0,58,130.87,68,30000,1.8,40.5,64.96,46.9,32990.34,214.45,144,38,243.4,1.1,-999,178.5,0.6
Microwave (wanted),FAIRFIELD,36,X_1020203_,FAA 201669,1,8155,-94,V,MD,13,AR 180715,FT MEADE,8026.167,-207.57,V,0,0,0,IRF MASK,0,22.73,94,0,0,58,141.91,68,30000,1.8,40.5,102.03,46.9,90700.89,212.1,144,38,243.4,1.1,-999,141.8,0
Microwave (wanted),FAIRFIELD,36,X_1020203_,FAA 201669,1,8155,-94,V,MD,14,AR 180711,FT MEADE,8045.237,-204.94,V,0,0,0,IRF MASK,0,25.41,5510,0,0,58,73.49,68,30000,1.8,40.5,102.03,46.9,90700.89,212.16,249,16,243.4,1.1,-999,141.8,0
Microwave (wanted),FAIRFIELD,36,X_1020203_,FAA 201669,1,8155,-94,V,MD,15,AR 180714,FT MEADE,8078.271,-199.91,V,0,0,0,IRF MASK,0,30.54,7150,0,0,58,73.49,68,30000,1.8,40.5,102.03,46.9,90700.89,212.25,249,16,243.4,1.1,-999,141.8,0
Microwave (wanted),FAIRFIELD,36,X_1020203_,FAA 201669,1,8155,-94,V,MD,16,AR 170772,FT MEADE,8123.35,-205.88,V,0,0,0,IRF MASK,0,24.7,741.42,0,0,57,141.91,67,30000,1.8,40.5,102.03,46.9,90700.89,212.39,144,38,243.4,1.1,-999,141.8,0
Microwave (wanted),FAIRFIELD,36,X_1020203_,FAA 201669,1,8155,-94,V,MD,17,AR 130819,FT MEADE,8143.442,-208.76,V,0,0,0,IRF MASK,0,21.88,1940,0,0,58,141.91,68,30000,1.8,40.5,102.03,46.9,90700.89,212.45,144,38,243.4,1.1,-999,141.8,0
Microwave (wanted),FAIRFIELD,36,X_1020203_,FAA 201669,1,8155,-94,V,MD,18,AR 210736,FT MEADE,8151.167,-207.94,V,0,0,0,IRF MASK,0,22.73,94,0,0,58,73.49,68,30000,1.8,40.5,102.03,46.9,90700.89,212.47,249,16,243.4,1.1,-999,141.8,0
Microwave (wanted),FAIRFIELD,36,X_1020203_,FAA 201669,1,8155,-94,V,MD,19,AR 170769,FT MEADE,8180.4,-215.75,V,0,0,0,IRF MASK,0,15,1000,0,0,57,141.91,67,30000,1.8,40.5,102.03,46.9,90700.89,212.56,144,38,243.4,1.1,-999,141.8,0
Microwave (wanted),FAIRFIELD,36,X_1020203_,FAA 201669,1,8155,-94,V,MD,20,AR 210711,FT MEADE,8276.302,-217.3,V,0,0,0,IRF MASK,0,13.73,94,0,0,58,143.71,68,30000,1.8,40.5,102.03,46.9,90700.89,212.83,107,11,243.4,1.1,-999,141.8,0
Microwave (wanted),WASHINGTON,37,X_1022015,FAA 220111,1,8305,-94,V,MD,15,AR 180714,FT MEADE,8078.271,-171.89,V,0,0,0,IRF MASK,0,30.54,7150,0,0,58,18.71,62.8,30000,1.8,40.3,156.98,55,31877.04,181.13,249,16,261.9,0,-999,238.8,0.1
Microwave (wanted),WASHINGTON,37,X_1022015,FAA 220111,1,8305,-94,V,MD,16,AR 170772,FT MEADE,8123.35,-183.04,V,0,0,0,IRF MASK,0,24.7,741.42,0,0,57,93.97,67,30000,1.8,40.3,156.98,55,31877.04,181.24,144,38,261.9,0,-999,238.8,0.1
Microwave (wanted),WASHINGTON,37,X_1022015,FAA 220111,1,8305,-94,V,MD,17,AR 130819,FT MEADE,8143.442,-185.91,V,0,0,0,IRF MASK,0,21.88,1940,0,0,58,93.97,68,30000,1.8,40.3,156.98,55,31877.04,181.29,144,38,261.9,0,-999,238.8,0.1
Microwave (wanted),WASHINGTON,37,X_1022015,FAA 220111,1,8305,-94,V,MD,18,AR 210736,FT MEADE,8151.167,-179.88,V,0,0,0,IRF MASK,0,22.73,94,0,0,58,18.71,62.8,30000,1.8,40.3,156.98,55,31877.04,181.31,249,16,261.9,0,-999,238.8,0.1
Microwave (wanted),WASHINGTON,37,X_1022015,FAA 220111,1,8305,-94,V,MD,19,AR 170769,FT MEADE,8180.4,-192.88,V,0,0,0,IRF MASK,0,15,1000,0,0,57,93.97,67,30000,1.8,40.3,156.98,55,31877.04,181.38,144,38,261.9,0,-999,238.8,0.1
Microwave (wanted),WASHINGTON,37,X_1022015,FAA 220111,1,8305,-94,V,MD,20,AR 210711,FT MEADE,8276.302,-194.38,V,0,0,0,IRF MASK,0,13.73,94,0,0,58,131.11,68,30000,1.8,40.3,156.98,55,31877.04,181.61,107,11,261.9,0,-999,238.8,0.1
Microwave (wanted),WASHINGTON,37,X_1022015,FAA 220111,1,8305,-94,V,MD,21,AR 170791,FT DETRICK,8398.562,-204.94,V,0,0,0,IRF MASK,0,22.73,94,0,0,58,38.94,68,30000,1.8,40.3,70.73,45.96,61495.43,210.21,144,38,261.9,0,-999,152.6,-0.2
Microwave (wanted),WASHINGTON,37,X_1022015,FAA 220111,1,8305,-94,V,MD,22,AR 180716,FT MEADE,8398.562,-185.67,V,0,0,0,IRF MASK,0,22.73,94,0,0,58,93.97,68,30000,1.8,40.3,156.98,55,31877.04,181.91,144,38,261.9,0,-999,238.8,0.1
Microwave (wanted),THE PLAINS,38,X_1022015,FAA 220113,1,7765,-94,V,MD,1,N 153584,ST INIGOES,7900,-169.1,V,0,0,0,IRF MASK,0,53.38,6880,0,0,40,137.88,50,30000,1.8,44.8,45.08,47.2,137206.52,208.28,144.3,39,81.9,-0.5,-999,307,-0.3
Microwave (wanted),THE PLAINS,38,X_1022015,FAA 220113,1,7765,-94,V,MD,2,AR 120812,FT MEADE,7901.167,-154.93,V,0,0,0,IRF MASK,0,22.73,94,0,0,58,16.64,61.53,30000,1.8,44.8,8.93,33,84517.66,184.13,249,16,81.9,-0.5,-999,252.9,0
Microwave (wanted),THE PLAINS,38,X_1022015,FAA 220113,1,7765,-94,V,MD,3,AR 130712,FT DETRICK,7901.167,-179.31,V,0,0,0,IRF MASK,0,24.73,94,0,0,58,67.42,68,30000,1.8,44.8,60.11,47.2,67337.95,189.84,142,40,81.9,-0.5,-999,201.8,0
Microwave (wanted),THE PLAINS,38,X_1022015,FAA 220113,1,7765,-94,V,MD,4,AR 130728,FT DETRICK,7901.167,-181.31,V,0,0,0,IRF MASK,0,22.73,94,0,0,58,49.34,68,30000,1.8,44.8,60.11,47.2,67337.95,189.84,249,17,81.9,-0.5,-999,201.8,0
Microwave (wanted),THE PLAINS,38,X_1022015,FAA 220113,1,7765,-94,V,MD,5,AR 130756,FT DETRICK,7901.167,-179.31,V,0,0,0,IRF MASK,0,24.73,94,0,0,58,49.34,68,30000,1.8,44.8,60.11,47.2,67337.95,189.84,249,17,81.9,-0.5,-999,201.8,0
Microwave (wanted),THE PLAINS,38,X_1022015,FAA 220113,1,7765,-94,V,MD,6,AR 130766,FT MEADE,7901.167,-161.4,V,0,0,0,IRF MASK,0,22.73,94,0,0,62,105.25,72,30000,1.8,44.8,8.93,33,84517.66,184.13,144,38,81.9,-0.5,-999,252.9,0
Microwave (wanted),THE PLAINS,38,X_1022015,FAA 220113,1,7765,-94,V,MD,7,AR 130767,FT MEADE,7901.167,-159.4,V,0,0,0,IRF MASK,0,24.73,94,0,0,58,104.48,68,30000,1.8,44.8,8.93,33,84517.66,184.13,145,38,81.9,-0.5,-999,252.9,0
Microwave (wanted),THE PLAINS,38,X_1022015,FAA 220113,1,7765,-94,V,MD,8,AR 210709,FT MEADE,7901.302,-175.1,V,0,0,0,IRF MASK,0,13.73,94,0,0,58,144.94,68,30000,1.8,44.8,8.93,33,84517.66,188.83,107,11,81.9,-0.5,-999,252.9,0
Microwave (wanted),THE PLAINS,38,X_1022015,FAA 220113,1,7765,-94,V,MD,9,AR 130729,FT DETRICK,7976.687,-179.49,V,0,0,0,IRF MASK,0,24.73,94,0,0,58,49.34,68,30000,1.8,44.8,60.11,47.2,67337.95,190.02,249,17,81.9,-0.5,-999,201.8,0
Microwave (wanted),THE PLAINS,38,X_1022015,FAA 220113,1,7765,-94,V,MD,10,AR 170763,FT MEADE,7998.822,-161.54,V,0,0,0,IRF MASK,0,21.02,40000,0,0,58,16.64,61.53,30000,1.8,44.8,8.93,33,84517.66,189.04,249,16,81.9,-0.5,-999,252.9,0
Microwave (wanted),WASHINGTON,39,X_1022015_,FAA 220111,1,8365,-94,V,MD,17,AR 130819,FT MEADE,8143.442,-185.91,V,0,0,0,IRF MASK,0,21.88,1940,0,0,58,93.97,68,30000,1.8,40.3,156.98,55,31877.04,181.29,144,38,261.9,0,-999,238.8,0.1
Microwave (wanted),WASHINGTON,39,X_1022015_,FAA 220111,1,8365,-94,V,MD,18,AR 210736,FT MEADE,8151.167,-179.88,V,0,0,0,IRF MASK,0,22.73,94,0,0,58,18.71,62.8,30000,1.8,40.3,156.98,55,31877.04,181.31,249,16,261.9,0,-999,238.8,0.1
Microwave (wanted),WASHINGTON,39,X_1022015_,FAA 220111,1,8365,-94,V,MD,19,AR 170769,FT MEADE,8180.4,-192.88,V,0,0,0,IRF MASK,0,15,1000,0,0,57,93.97,67,30000,1.8,40.3,156.98,55,31877.04,181.38,144,38,261.9,0,-999,238.8,0.1
Microwave (wanted),WASHINGTON,39,X_1022015_,FAA 220111,1,8365,-94,V,MD,20,AR 210711,FT MEADE,8276.302,-194.38,V,0,0,0,IRF MASK,0,13.73,94,0,0,58,131.11,68,30000,1.8,40.3,156.98,55,31877.04,181.61,107,11,261.9,0,-999,238.8,0.1
Microwave (wanted),WASHINGTON,39,X_1022015_,FAA 220111,1,8365,-94,V,MD,21,AR 170791,FT DETRICK,8398.562,-204.94,V,0,0,0,IRF MASK,0,22.73,94,0,0,58,38.94,68,30000,1.8,40.3,70.73,45.96,61495.43,210.21,144,38,261.9,0,-999,152.6,-0.2
Microwave (wanted),WASHINGTON,39,X_1022015_,FAA 220111,1,8365,-94,V,MD,22,AR 180716,FT MEADE,8398.562,-185.67,V,0,0,0,IRF MASK,0,22.73,94,0,0,58,93.97,68,30000,1.8,40.3,156.98,55,31877.04,181.91,144,38,261.9,0,-999,238.8,0.1
Microwave (wanted),THE PLAINS,40,X_1022015_,FAA 220113,1,8005,-94,V,MD,1,N 153584,ST INIGOES,7900,-169.1,V,0,0,0,IRF MASK,0,53.38,6880,0,0,40,137.88,50,30000,1.8,44.8,45.08,47.2,137206.52,208.28,144.3,39,81.9,-0.5,-999,307,-0.3
Microwave (wanted),THE PLAINS,40,X_1022015_,FAA 220113,1,8005,-94,V,MD,2,AR 120812,FT MEADE,7901.167,-154.93,V,0,0,0,IRF MASK,0,22.73,94,0,0,58,16.64,61.53,30000,1.8,44.8,8.93,33,84517.66,184.13,249,16,81.9,-0.5,-999,252.9,0
Microwave (wanted),THE PLAINS,40,X_1022015_,FAA 220113,1,8005,-94,V,MD,3,AR 130712,FT DETRICK,7901.167,-179.31,V,0,0,0,IRF MASK,0,24.73,94,0,0,58,67.42,68,30000,1.8,44.8,60.11,47.2,67337.95,189.84,142,40,81.9,-0.5,-999,201.8,0
Microwave (wanted),THE PLAINS,40,X_1022015_,FAA 220113,1,8005,-94,V,MD,4,AR 130728,FT DETRICK,7901.167,-181.31,V,0,0,0,IRF MASK,0,22.73,94,0,0,58,49.34,68,30000,1.8,44.8,60.11,47.2,67337.95,189.84,249,17,81.9,-0.5,-999,201.8,0
Microwave (wanted),THE PLAINS,40,X_1022015_,FAA 220113,1,8005,-94,V,MD,5,AR 130756,FT DETRICK,7901.167,-179.31,V,0,0,0,IRF MASK,0,24.73,94,0,0,58,49.34,68,30000,1.8,44.8,60.11,47.2,67337.95,189.84,249,17,81.9,-0.5,-999,201.8,0
Microwave (wanted),THE PLAINS,40,X_1022015_,FAA 220113,1,8005,-94,V,MD,6,AR 130766,FT MEADE,7901.167,-161.4,V,0,0,0,IRF MASK,0,22.73,94,0,0,62,105.25,72,30000,1.8,44.8,8.93,33,84517.66,184.13,144,38,81.9,-0.5,-999,252.9,0
Microwave (wanted),THE PLAINS,40,X_1022015_,FAA 220113,1,8005,-94,V,MD,7,AR 130767,FT MEADE,7901.167,-159.4,V,0,0,0,IRF MASK,0,24.73,94,0,0,58,104.48,68,30000,1.8,44.8,8.93,33,84517.66,184.13,145,38,81.9,-0.5,-999,252.9,0
Microwave (wanted),THE PLAINS,40,X_1022015_,FAA 220113,1,8005,-94,V,MD,8,AR 210709,FT MEADE,7901.302,-175.1,V,0,0,0,IRF MASK,0,13.73,94,0,0,58,144.94,68,30000,1.8,44.8,8.93,33,84517.66,188.83,107,11,81.9,-0.5,-999,252.9,0
Microwave (wanted),THE PLAINS,40,X_1022015_,FAA 220113,1,8005,-94,V,MD,9,AR 130729,FT DETRICK,7976.687,-179.49,V,0,0,0,IRF MASK,0,24.73,94,0,0,58,49.34,68,30000,1.8,44.8,60.11,47.2,67337.95,190.02,249,17,81.9,-0.5,-999,201.8,0
Microwave (wanted),THE PLAINS,40,X_1022015_,FAA 220113,1,8005,-94,V,MD,10,AR 170763,FT MEADE,7998.822,-162.97,V,0,0,1.4,IRF MASK,0,21.02,40000,0,0,58,16.64,61.53,30000,1.8,44.8,8.93,33,84517.66,189.04,249,16,81.9,-0.5,-999,252.9,0
Microwave (wanted),THE PLAINS,40,X_1022015_,FAA 220113,1,8005,-94,V,MD,11,AR 210737,FT MEADE,8023.562,-159.89,V,0,0,0,IRF MASK,0,22.73,94,0,0,58,16.64,61.53,30000,1.8,44.8,8.93,33,84517.66,189.1,249,16,81.9,-0.5,-999,252.9,0
Microwave (wanted),THE PLAINS,40,X_1022015_,FAA 220113,1,8005,-94,V,MD,12,AR 170790,FT DETRICK,8026.167,-190.69,V,0,0,0,IRF MASK,0,22.73,94,0,0,58,65.26,68,30000,1.8,44.8,60.11,47.2,67337.95,199.22,144,38,81.9,-0.5,-999,201.8,0
Microwave (wanted),THE PLAINS,40,X_1022015_,FAA 220113,1,8005,-94,V,MD,13,AR 180715,FT MEADE,8026.167,-166.37,V,0,0,0,IRF MASK,0,22.73,94,0,0,58,105.25,68,30000,1.8,44.8,8.93,33,84517.66,189.1,144,38,81.9,-0.5,-999,252.9,0
Microwave (wanted),THE PLAINS,40,X_1022015_,FAA 220113,1,8005,-94,V,MD,14,AR 180711,FT MEADE,8045.237,-157.26,V,0,0,0,IRF MASK,0,25.41,5510,0,0,58,16.64,61.53,30000,1.8,44.8,8.93,33,84517.66,189.15,249,16,81.9,-0.5,-999,252.9,0
Microwave (wanted),THE PLAINS,40,X_1022015_,FAA 220113,1,8005,-94,V,MD,15,AR 180714,FT MEADE,8078.271,-152.21,V,0,0,0,IRF MASK,0,30.54,7150,0,0,58,16.64,61.53,30000,1.8,44.8,8.93,33,84517.66,189.23,249,16,81.9,-0.5,-999,252.9,0
Microwave (wanted),THE PLAINS,40,X_1022015_,FAA 220113,1,8005,-94,V,MD,16,AR 170772,FT MEADE,8123.35,-164.63,V,0,0,0,IRF MASK,0,24.7,741.42,0,0,57,105.25,67,30000,1.8,44.8,8.93,33,84517.66,189.33,144,38,81.9,-0.5,-999,252.9,0
Microwave (wanted),THE PLAINS,40,X_1022015_,FAA 220113,1,8005,-94,V,MD,17,AR 130819,FT MEADE,8143.442,-167.49,V,0,0,0,IRF MASK,0,21.88,1940,0,0,58,105.25,68,30000,1.8,44.8,8.93,33,84517.66,189.38,144,38,81.9,-0.5,-999,252.9,0
Microwave (wanted),THE PLAINS,40,X_1022015_,FAA 220113,1,8005,-94,V,MD,18,AR 210736,FT MEADE,8151.167,-160.19,V,0,0,0,IRF MASK,0,22.73,94,0,0,58,16.64,61.53,30000,1.8,44.8,8.93,33,84517.66,189.4,249,16,81.9,-0.5,-999,252.9,0
Microwave (wanted),THE PLAINS,40,X_1022015_,FAA 220113,1,8005,-94,V,MD,19,AR 170769,FT MEADE,8180.4,-174.46,V,0,0,0,IRF MASK,0,15,1000,0,0,57,105.25,67,30000,1.8,44.8,8.93,33,84517.66,189.46,144,38,81.9,-0.5,-999,252.9,0
Microwave (wanted),MOUNT WEATHER,41,X_1022016,FAA 220115,1,8245,-94,V,MD,11,AR 210737,FT MEADE,8023.562,-193.53,V,0,0,0,IRF MASK,0,22.73,94,0,0,58,24.5,65.73,30000,1.8,42.9,54.26,46.86,96830.52,202.77,249,16,141.3,-0.4,-999,267.1,0
Microwave (wanted),MOUNT WEATHER,41,X_1022016,FAA 220115,1,8245,-94,V,MD,12,AR 170790,FT DETRICK,8026.167,-211.66,V,0,0,0,IRF MASK,0,22.73,94,0,0,58,82.17,68,30000,1.8,42.9,97.55,47,58959.98,218.5,144,38,141.3,-0.4,-999,223.8,0.2
Microwave (wanted),MOUNT WEATHER,41,X_1022016,FAA 220115,1,8245,-94,V,MD,13,AR 180715,FT MEADE,8026.167,-195.81,V,0,0,0,IRF MASK,0,22.73,94,0,0,58,115.96,68,30000,1.8,42.9,54.26,46.86,96830.52,202.78,144,38,141.3,-0.4,-999,267.1,0
Microwave (wanted),MOUNT WEATHER,41,X_1022016,FAA 220115,1,8245,-94,V,MD,14,AR 180711,FT MEADE,8045.237,-190.9,V,0,0,0,IRF MASK,0,25.41,5510,0,0,58,24.5,65.73,30000,1.8,42.9,54.26,46.86,96830.52,202.83,249,16,141.3,-0.4,-999,267.1,0
Microwave (wanted),MOUNT WEATHER,41,X_1022016,FAA 220115,1,8245,-94,V,MD,15,AR 180714,FT MEADE,8078.271,-185.86,V,0,0,0,IRF MASK,0,30.54,7150,0,0,58,24.5,65.73,30000,1.8,42.9,54.26,46.86,96830.52,202.92,249,16,141.3,-0.4,-999,267.1,0
Microwave (wanted),MOUNT WEATHER,41,X_1022016,FAA 220115,1,8245,-94,V,MD,16,AR 170772,FT MEADE,8123.35,-194.09,V,0,0,0,IRF MASK,0,24.7,741.42,0,0,57,115.96,67,30000,1.8,42.9,54.26,46.86,96830.52,203.03,144,38,141.3,-0.4,-999,267.1,0
Microwave (wanted),MOUNT WEATHER,41,X_1022016,FAA 220115,1,8245,-94,V,MD,17,AR 130819,FT MEADE,8143.442,-196.96,V,0,0,0,IRF MASK,0,21.88,1940,0,0,58,115.96,68,30000,1.8,42.9,54.26,46.86,96830.52,203.09,144,38,141.3,-0.4,-999,267.1,0
Microwave (wanted),MOUNT WEATHER,41,X_1022016,FAA 220115,1,8245,-94,V,MD,18,AR 210736,FT MEADE,8151.167,-193.86,V,0,0,0,IRF MASK,0,22.73,94,0,0,58,24.5,65.73,30000,1.8,42.9,54.26,46.86,96830.52,203.11,249,16,141.3,-0.4,-999,267.1,0
Microwave (wanted),MOUNT WEATHER,41,X_1022016,FAA 220115,1,8245,-94,V,MD,19,AR 170769,FT MEADE,8180.4,-203.94,V,0,0,0,IRF MASK,0,15,1000,0,0,57,115.96,67,30000,1.8,42.9,54.26,46.86,96830.52,203.18,144,38,141.3,-0.4,-999,267.1,0
Microwave (wanted),MOUNT WEATHER,41,X_1022016,FAA 220115,1,8245,-94,V,MD,20,AR 210711,FT MEADE,8276.302,-205.45,V,0,0,0,IRF MASK,0,13.73,94,0,0,58,157.92,68,30000,1.8,42.9,54.26,46.86,96830.52,203.43,107,11,141.3,-0.4,-999,267.1,0
Microwave (wanted),MOUNT WEATHER,41,X_1022016,FAA 220115,1,8245,-94,V,MD,21,AR 170791,FT DETRICK,8398.562,-212.85,V,0,0,0,IRF MASK,0,22.73,94,0,0,58,82.17,68,30000,1.8,42.9,97.55,47,58959.98,219.69,144,38,141.3,-0.4,-999,223.8,0.2
Microwave (wanted),MOUNT WEATHER,41,X_1022016,FAA 220115,1,8245,-94,V,MD,22,AR 180716,FT MEADE,8398.562,-196.76,V,0,0,0,IRF MASK,0,22.73,94,0,0,58,115.96,68,30000,1.8,42.9,54.26,46.86,96830.52,203.74,144,38,141.3,-0.4,-999,267.1,0
Microwave (wanted),THE PLAINS,42,X_1022016,FAA 220117,1,7885,-94,V,MD,1,N 153584,ST INIGOES,7900,-178.81,V,0,0,3,IRF MASK,0,53.38,6880,0,0,40,137.88,50,30000,1.8,42.9,165.59,52,137206.52,208.28,144.3,39,321.3,0.2,-999,307,-0.3
Microwave (wanted),THE PLAINS,42,X_1022016,FAA 220117,1,7885,-94,V,MD,2,AR 120812,FT MEADE,7901.167,-175.52,V,0,0,0,IRF MASK,0,22.73,94,0,0,58,16.64,61.53,30000,1.8,42.9,111.6,51.69,84517.66,184.13,249,16,321.3,0.2,-999,252.9,0
Microwave (wanted),THE PLAINS,42,X_1022016,FAA 220117,1,7885,-94,V,MD,3,AR 130712,FT DETRICK,7901.167,-180.87,V,0,0,0,IRF MASK,0,24.73,94,0,0,58,67.42,68,30000,1.8,42.9,60.43,46.86,67337.95,189.84,142,40,321.3,0.2,-999,201.8,0
Microwave (wanted),THE PLAINS,42,X_1022016,FAA 220117,1,7885,-94,V,MD,4,AR 130728,FT DETRICK,7901.167,-182.87,V,0,0,0,IRF MASK,0,22.73,94,0,0,58,49.34,68,30000,1.8,42.9,60.43,46.86,67337.95,189.84,249,17,321.3,0.2,-999,201.8,0
Microwave (wanted),THE PLAINS,42,X_1022016,FAA 220117,1,7885,-94,V,MD,5,AR 130756,FT DETRICK,7901.167,-180.87,V,0,0,0,IRF MASK,0,24.73,94,0,0,58,49.34,68,30000,1.8,42.9,60.43,46.86,67337.95,189.84,249,17,321.3,0.2,-999,201.8,0
Microwave (wanted),THE PLAINS,42,X_1022016,FAA 220117,1,7885,-94,V,MD,6,AR 130766,FT MEADE,7901.167,-181.99,V,0,0,0,IRF MASK,0,22.73,94,0,0,62,105.25,72,30000,1.8,42.9,111.6,51.69,84517.66,184.13,144,38,321.3,0.2,-999,252.9,0
Microwave (wanted),THE PLAINS,42,X_1022016,FAA 220117,1,7885,-94,V,MD,7,AR 130767,FT MEADE,7901.167,-179.99,V,0,0,0,IRF MASK,0,24.73,94,0,0,58,104.48,68,30000,1.8,42.9,111.6,51.69,84517.66,184.13,145,38,321.3,0.2,-999,252.9,0
Microwave (wanted),THE PLAINS,42,X_1022016,FAA 220117,1,7885,-94,V,MD,8,AR 210709,FT MEADE,7901.302,-195.69,V,0,0,0,IRF MASK,0,13.73,94,0,0,58,144.94,68,30000,1.8,42.9,111.6,51.69,84517.66,188.83,107,11,321.3,0.2,-999,252.9,0
Microwave (wanted),THE PLAINS,42,X_1022016,FAA 220117,1,7885,-94,V,MD,9,AR 130729,FT DETRICK,7976.687,-181.05,V,0,0,0,IRF MASK,0,24.73,94,0,0,58,49.34,68,30000,1.8,42.9,60.43,46.86,67337.95,190.02,249,17,321.3,0.2,-999,201.8,0
Microwave (wanted),THE PLAINS,42,X_1022016,FAA 220117,1,7885,-94,V,MD,10,AR 170763,FT MEADE,7998.822,-182.13,V,0,0,0,IRF MASK,0,21.02,40000,0,0,58,16.64,61.53,30000,1.8,42.9,111.6,51.69,84517.66,189.04,249,16,321.3,0.2,-999,252.9,0
Microwave (wanted),THE PLAINS,42,X_1022016,FAA 220117,1,7885,-94,V,MD,11,AR 210737,FT MEADE,8023.562,-180.48,V,0,0,0,IRF MASK,0,22.73,94,0,0,58,16.64,61.53,30000,1.8,42.9,111.6,51.69,84517.66,189.1,249,16,321.3,0.2,-999,252.9,0
Microwave (wanted),THE PLAINS,42,X_1022016,FAA 220117,1,7885,-94,V,MD,12,AR 170790,FT DETRICK,8026.167,-192.25,V,0,0,0,IRF MASK,0,22.73,94,0,0,58,65.26,68,30000,1.8,42.9,60.43,46.86,67337.95,199.22,144,38,321.3,0.2,-999,201.8,0
Microwave (wanted),THE PLAINS,42,X_1022016,FAA 220117,1,7885,-94,V,MD,13,AR 180715,FT MEADE,8026.167,-186.96,V,0,0,0,IRF MASK,0,22.73,94,0,0,58,105.25,68,30000,1.8,42.9,111.6,51.69,84517.66,189.1,144,38,321.3,0.2,-999,252.9,0
Microwave (wanted),THE PLAINS,42,X_1022016,FAA 220117,1,7885,-94,V,MD,14,AR 180711,FT MEADE,8045.237,-177.85,V,0,0,0,IRF MASK,0,25.41,5510,0,0,58,16.64,61.53,30000,1.8,42.9,111.6,51.69,84517.66,189.15,249,16,321.3,0.2,-999,252.9,0
Microwave (wanted),THE PLAINS,42,X_1022016,FAA 220117,1,7885,-94,V,MD,15,AR 180714,FT MEADE,8078.271,-172.8,V,0,0,0,IRF MASK,0,30.54,7150,0,0,58,16.64,61.53,30000,1.8,42.9,111.6,51.69,84517.66,189.23,249,16,321.3,0.2,-999,252.9,0
Microwave (wanted),MOUNT WEATHER,43,X_1022016_,FAA 220115,1,8155,-94,V,MD,9,AR 130729,FT DETRICK,7976.687,-213.95,V,0,0,0,IRF MASK,0,24.73,94,0,0,58,29.75,67.84,30000,1.8,42.9,97.55,47,58959.97,222.94,249,17,141.3,-0.4,-999,223.8,0.2
Microwave (wanted),MOUNT WEATHER,43,X_1022016_,FAA 220115,1,8155,-94,V,MD,10,AR 170763,FT MEADE,7998.822,-195.17,V,0,0,0,IRF MASK,0,21.02,40000,0,0,58,24.5,65.73,30000,1.8,42.9,54.26,46.86,96830.52,202.71,249,16,141.3,-0.4,-999,267.1,0
Microwave (wanted),MOUNT WEATHER,43,X_1022016_,FAA 220115,1,8155,-94,V,MD,11,AR 210737,FT MEADE,8023.562,-193.53,V,0,0,0,IRF MASK,0,22.73,94,0,0,58,24.5,65.73,30000,1.8,42.9,54.26,46.86,96830.52,202.77,249,16,141.3,-0.4,-999,267.1,0
Microwave (wanted),MOUNT WEATHER,43,X_1022016_,FAA 220115,1,8155,-94,V,MD,12,AR 170790,FT DETRICK,8026.167,-211.66,V,0,0,0,IRF MASK,0,22.73,94,0,0,58,82.17,68,30000,1.8,42.9,97.55,47,58959.98,218.5,144,38,141.3,-0.4,-999,223.8,0.2
Microwave (wanted),MOUNT WEATHER,43,X_1022016_,FAA 220115,1,8155,-94,V,MD,13,AR 180715,FT MEADE,8026.167,-195.81,V,0,0,0,IRF MASK,0,22.73,94,0,0,58,115.96,68,30000,1.8,42.9,54.26,46.86,96830.52,202.78,144,38,141.3,-0.4,-999,267.1,0
Microwave (wanted),MOUNT WEATHER,43,X_1022016_,FAA 220115,1,8155,-94,V,MD,14,AR 180711,FT MEADE,8045.237,-190.9,V,0,0,0,IRF MASK,0,25.41,5510,0,0,58,24.5,65.73,30000,1.8,42.9,54.26,46.86,96830.52,202.83,249,16,141.3,-0.4,-999,267.1,0
Microwave (wanted),MOUNT WEATHER,43,X_1022016_,FAA 220115,1,8155,-94,V,MD,15,AR 180714,FT MEADE,8078.271,-185.86,V,0,0,0,IRF MASK,0,30.54,7150,0,0,58,24.5,65.73,30000,1.8,42.9,54.26,46.86,96830.52,202.92,249,16,141.3,-0.4,-999,267.1,0
Microwave (wanted),MOUNT WEATHER,43,X_1022016_,FAA 220115,1,8155,-94,V,MD,16,AR 170772,FT MEADE,8123.35,-194.09,V,0,0,0,IRF MASK,0,24.7,741.42,0,0,57,115.96,67,30000,1.8,42.9,54.26,46.86,96830.52,203.03,144,38,141.3,-0.4,-999,267.1,0
Microwave (wanted),MOUNT WEATHER,43,X_1022016_,FAA 220115,1,8155,-94,V,MD,17,AR 130819,FT MEADE,8143.442,-196.96,V,0,0,0,IRF MASK,0,21.88,1940,0,0,58,115.96,68,30000,1.8,42.9,54.26,46.86,96830.52,203.09,144,38,141.3,-0.4,-999,267.1,0
Microwave (wanted),MOUNT WEATHER,43,X_1022016_,FAA 220115,1,8155,-94,V,MD,18,AR 210736,FT MEADE,8151.167,-193.86,V,0,0,0,IRF MASK,0,22.73,94,0,0,58,24.5,65.73,30000,1.8,42.9,54.26,46.86,96830.52,203.11,249,16,141.3,-0.4,-999,267.1,0
Microwave (wanted),MOUNT WEATHER,43,X_1022016_,FAA 220115,1,8155,-94,V,MD,19,AR 170769,FT MEADE,8180.4,-203.94,V,0,0,0,IRF MASK,0,15,1000,0,0,57,115.96,67,30000,1.8,42.9,54.26,46.86,96830.52,203.18,144,38,141.3,-0.4,-999,267.1,0
Microwave (wanted),MOUNT WEATHER,43,X_1022016_,FAA 220115,1,8155,-94,V,MD,20,AR 210711,FT MEADE,8276.302,-205.45,V,0,0,0,IRF MASK,0,13.73,94,0,0,58,157.92,68,30000,1.8,42.9,54.26,46.86,96830.52,203.43,107,11,141.3,-0.4,-999,267.1,0
Microwave (wanted),THE PLAINS,44,X_1022016_,FAA 220117,1,7795,-94,V,MD,1,N 153584,ST INIGOES,7900,-175.8,V,0,0,0,IRF MASK,0,53.38,6880,0,0,40,137.88,50,30000,1.8,42.9,165.59,52,137206.52,208.28,144.3,39,321.3,0.2,-999,307,-0.3
Microwave (wanted),THE PLAINS,44,X_1022016_,FAA 220117,1,7795,-94,V,MD,2,AR 120812,FT MEADE,7901.167,-175.52,V,0,0,0,IRF MASK,0,22.73,94,0,0,58,16.64,61.53,30000,1.8,42.9,111.6,51.69,84517.66,184.13,249,16,321.3,0.2,-999,252.9,0
Microwave (wanted),THE PLAINS,44,X_1022016_,FAA 220117,1,7795,-94,V,MD,3,AR 130712,FT DETRICK,7901.167,-180.87,V,0,0,0,IRF MASK,0,24.73,94,0,0,58,67.42,68,30000,1.8,42.9,60.43,46.86,67337.95,189.84,142,40,321.3,0.2,-999,201.8,0
Microwave (wanted),THE PLAINS,44,X_1022016_,FAA 220117,1,7795,-94,V,MD,4,AR 130728,FT DETRICK,7901.167,-182.87,V,0,0,0,IRF MASK,0,22.73,94,0,0,58,49.34,68,30000,1.8,42.9,60.43,46.86,67337.95,189.84,249,17,321.3,0.2,-999,201.8,0
Microwave (wanted),THE PLAINS,44,X_1022016_,FAA 220117,1,7795,-94,V,MD,5,AR 130756,FT DETRICK,7901.167,-180.87,V,0,0,0,IRF MASK,0,24.73,94,0,0,58,49.34,68,30000,1.8,42.9,60.43,46.86,67337.95,189.84,249,17,321.3,0.2,-999,201.8,0
Microwave (wanted),THE PLAINS,44,X_1022016_,FAA 220117,1,7795,-94,V,MD,6,AR 130766,FT MEADE,7901.167,-181.99,V,0,0,0,IRF MASK,0,22.73,94,0,0,62,105.25,72,30000,1.8,42.9,111.6,51.69,84517.66,184.13,144,38,321.3,0.2,-999,252.9,0
Microwave (wanted),THE PLAINS,44,X_1022016_,FAA 220117,1,7795,-94,V,MD,7,AR 130767,FT MEADE,7901.167,-179.99,V,0,0,0,IRF MASK,0,24.73,94,0,0,58,104.48,68,30000,1.8,42.9,111.6,51.69,84517.66,184.13,145,38,321.3,0.2,-999,252.9,0
Microwave (wanted),THE PLAINS,44,X_1022016_,FAA 220117,1,7795,-94,V,MD,8,AR 210709,FT MEADE,7901.302,-195.69,V,0,0,0,IRF MASK,0,13.73,94,0,0,58,144.94,68,30000,1.8,42.9,111.6,51.69,84517.66,188.83,107,11,321.3,0.2,-999,252.9,0
Microwave (wanted),THE PLAINS,44,X_1022016_,FAA 220117,1,7795,-94,V,MD,9,AR 130729,FT DETRICK,7976.687,-181.05,V,0,0,0,IRF MASK,0,24.73,94,0,0,58,49.34,68,30000,1.8,42.9,60.43,46.86,67337.95,190.02,249,17,321.3,0.2,-999,201.8,0
Microwave (wanted),THE PLAINS,44,X_1022016_,FAA 220117,1,7795,-94,V,MD,10,AR 170763,FT MEADE,7998.822,-182.13,V,0,0,0,IRF MASK,0,21.02,40000,0,0,58,16.64,61.53,30000,1.8,42.9,111.6,51.69,84517.66,189.04,249,16,321.3,0.2,-999,252.9,0
Microwave (wanted),MARTINSBURG,45,X_1024225,FAA 240093,1,7945,-94,V,MD,1,N 153584,ST INIGOES,7900,-195.09,V,0,0,0,IRF MASK,0,53.38,6880,0,0,40,139.88,50,30000,0,42.5,32.38,47.95,193693.31,233.02,144.3,39,168.7,0.3,-999,316.3,-0.6
Microwave (wanted),MARTINSBURG,45,X_1024225,FAA 240093,1,7945,-94,V,MD,2,AR 120812,FT MEADE,7901.167,-225.21,V,0,0,0,IRF MASK,0,22.73,94,0,0,58,41.93,68,30000,0,42.5,61.24,53.46,109645.62,226.98,249,16,168.7,0.3,-999,287.5,-0.3
Microwave (wanted),MARTINSBURG,45,X_1024225,FAA 240093,1,7945,-94,V,MD,3,AR 130712,FT DETRICK,7901.167,-242.98,V,0,0,0,IRF MASK,0,24.73,94,0,0,58,114.51,68,30000,0,42.5,84.2,62.07,48882.54,238.13,142,40,168.7,0.3,-999,264.5,-0.1
Microwave (wanted),MARTINSBURG,45,X_1024225,FAA 240093,1,7945,-94,V,MD,4,AR 130728,FT DETRICK,7901.167,-242.08,V,0,0,0,IRF MASK,0,22.73,94,0,0,58,23.13,65.1,30000,0,42.5,84.2,62.07,48882.54,238.13,249,17,168.7,0.3,-999,264.5,-0.1
Microwave (wanted),MARTINSBURG,45,X_1024225,FAA 240093,1,7945,-94,V,MD,5,AR 130756,FT DETRICK,7901.167,-240.08,V,0,0,0,IRF MASK,0,24.73,94,0,0,58,23.13,65.1,30000,0,42.5,84.2,62.07,48882.54,238.13,249,17,168.7,0.3,-999,264.5,-0.1
Microwave (wanted),MARTINSBURG,45,X_1024225,FAA 240093,1,7945,-94,V,MD,6,AR 130766,FT MEADE,7901.167,-225.21,V,0,0,0,IRF MASK,0,22.73,94,0,0,62,129.52,72,30000,0,42.5,61.24,53.46,109645.62,226.98,144,38,168.7,0.3,-999,287.5,-0.3
Microwave (wanted),MARTINSBURG,45,X_1024225,FAA 240093,1,7945,-94,V,MD,7,AR 130767,FT MEADE,7901.167,-223.21,V,0,0,0,IRF MASK,0,24.73,94,0,0,58,128.92,68,30000,0,42.5,61.24,53.46,109645.62,226.98,145,38,168.7,0.3,-999,287.5,-0.3
Microwave (wanted),MARTINSBURG,45,X_1024225,FAA 240093,1,7945,-94,V,MD,8,AR 210709,FT MEADE,7901.302,-233.7,V,0,0,0,IRF MASK,0,13.73,94,0,0,58,168.64,68,30000,0,42.5,61.24,53.46,109645.6,226.46,107,11,168.7,0.3,-999,287.5,-0.3
Microwave (wanted),MARTINSBURG,45,X_1024225,FAA 240093,1,7945,-94,V,MD,9,AR 130729,FT DETRICK,7976.687,-240.32,V,0,0,0,IRF MASK,0,24.73,94,0,0,58,23.13,65.1,30000,0,42.5,84.2,62.07,48882.54,238.37,249,17,168.7,0.3,-999,264.5,-0.1
Microwave (wanted),MARTINSBURG,45,X_1024225,FAA 240093,1,7945,-94,V,MD,10,AR 170763,FT MEADE,7998.822,-226.67,V,0,0,0,IRF MASK,0,21.02,40000,0,0,58,41.93,68,30000,0,42.5,61.24,53.46,109645.6,226.73,249,16,168.7,0.3,-999,287.5,-0.3
Microwave (wanted),MARTINSBURG,45,X_1024225,FAA 240093,1,7945,-94,V,MD,11,AR 210737,FT MEADE,8023.562,-225.03,V,0,0,0,IRF MASK,0,22.73,94,0,0,58,41.93,68,30000,0,42.5,61.24,53.46,109645.6,226.8,249,16,168.7,0.3,-999,287.5,-0.3
Microwave (wanted),MARTINSBURG,45,X_1024225,FAA 240093,1,7945,-94,V,MD,12,AR 170790,FT DETRICK,8026.167,-244.45,V,0,0,0,IRF MASK,0,22.73,94,0,0,58,113.8,68,30000,0,42.5,84.2,62.07,48882.54,237.61,144,38,168.7,0.3,-999,264.5,-0.1
Microwave (wanted),MARTINSBURG,45,X_1024225,FAA 240093,1,7945,-94,V,MD,13,AR 180715,FT MEADE,8026.167,-225.04,V,0,0,0,IRF MASK,0,22.73,94,0,0,58,129.52,68,30000,0,42.5,61.24,53.46,109645.6,226.8,144,38,168.7,0.3,-999,287.5,-0.3
Microwave (wanted),MARTINSBURG,45,X_1024225,FAA 240093,1,7945,-94,V,MD,14,AR 180711,FT MEADE,8045.237,-222.41,V,0,0,0,IRF MASK,0,25.41,5510,0,0,58,41.93,68,30000,0,42.5,61.24,53.46,109645.6,226.85,249,16,168.7,0.3,-999,287.5,-0.3
Microwave (wanted),MARTINSBURG,45,X_1024225,FAA 240093,1,7945,-94,V,MD,15,AR 180714,FT MEADE,8078.271,-217.37,V,0,0,0,IRF MASK,0,30.54,7150,0,0,58,41.93,68,30000,0,42.5,61.24,53.46,109645.6,226.94,249,16,168.7,0.3,-999,287.5,-0.3
Microwave (wanted),MARTINSBURG,45,X_1024225,FAA 240093,1,7945,-94,V,MD,16,AR 170772,FT MEADE,8123.35,-223.33,V,0,0,0,IRF MASK,0,24.7,741.42,0,0,57,129.52,67,30000,0,42.5,61.24,53.46,109645.6,227.06,144,38,168.7,0.3,-999,287.5,-0.3
Microwave (wanted),MARTINSBURG,45,X_1024225,FAA 240093,1,7945,-94,V,MD,17,AR 130819,FT MEADE,8143.442,-226.2,V,0,0,0,IRF MASK,0,21.88,1940,0,0,58,129.52,68,30000,0,42.5,61.24,53.46,109645.6,227.12,144,38,168.7,0.3,-999,287.5,-0.3
Microwave (wanted),MARTINSBURG,45,X_1024225,FAA 240093,1,7945,-94,V,MD,18,AR 210736,FT MEADE,8151.167,-225.37,V,0,0,0,IRF MASK,0,22.73,94,0,0,58,41.93,68,30000,0,42.5,61.24,53.46,109645.6,227.14,249,16,168.7,0.3,-999,287.5,-0.3
Microwave (wanted),BLUEMONT,46,X_1024225,FAA 240095,1,8305,-94,V,MD,15,AR 180714,FT MEADE,8078.271,-206.1,V,0,0,0,IRF MASK,0,30.54,7150,0,0,58,24.48,65.72,30000,0,42.5,98.37,67.39,96796.47,204.03,249,16,348.7,-0.6,-999,267.1,0
Microwave (wanted),BLUEMONT,46,X_1024225,FAA 240095,1,8305,-94,V,MD,16,AR 170772,FT MEADE,8123.35,-214.34,V,0,0,0,IRF MASK,0,24.7,741.42,0,0,57,115.94,67,30000,0,42.5,98.37,67.39,96796.47,204.15,144,38,348.7,-0.6,-999,267.1,0
Microwave (wanted),BLUEMONT,46,X_1024225,FAA 240095,1,8305,-94,V,MD,17,AR 130819,FT MEADE,8143.442,-217.22,V,0,0,0,IRF MASK,0,21.88,1940,0,0,58,115.94,68,30000,0,42.5,98.37,67.39,96796.47,204.21,144,38,348.7,-0.6,-999,267.1,0
Microwave (wanted),BLUEMONT,46,X_1024225,FAA 240095,1,8305,-94,V,MD,18,AR 210736,FT MEADE,8151.167,-214.11,V,0,0,0,IRF MASK,0,22.73,94,0,0,58,24.48,65.72,30000,0,42.5,98.37,67.39,96796.47,204.23,249,16,348.7,-0.6,-999,267.1,0
Microwave (wanted),BLUEMONT,46,X_1024225,FAA 240095,1,8305,-94,V,MD,19,AR 170769,FT MEADE,8180.4,-224.19,V,0,0,0,IRF MASK,0,15,1000,0,0,57,115.94,67,30000,0,42.5,98.37,67.39,96796.47,204.3,144,38,348.7,-0.6,-999,267.1,0
Microwave (wanted),BLUEMONT,46,X_1024225,FAA 240095,1,8305,-94,V,MD,20,AR 210711,FT MEADE,8276.302,-225.71,V,0,0,0,IRF MASK,0,13.73,94,0,0,58,157.91,68,30000,0,42.5,98.37,67.39,96796.47,204.55,107,11,348.7,-0.6,-999,267.1,0
Microwave (wanted),BLUEMONT,46,X_1024225,FAA 240095,1,8305,-94,V,MD,21,AR 170791,FT DETRICK,8398.562,-215.84,V,0,0,0,IRF MASK,0,22.73,94,0,0,58,82.14,68,30000,0,42.5,55.06,53,58955.12,218.07,144,38,348.7,-0.6,-999,223.7,0.2
Microwave (wanted),BLUEMONT,46,X_1024225,FAA 240095,1,8305,-94,V,MD,22,AR 180716,FT MEADE,8398.562,-217.02,V,0,0,0,IRF MASK,0,22.73,94,0,0,58,115.94,68,30000,0,42.5,98.37,67.39,96796.47,204.86,144,38,348.7,-0.6,-999,267.1,0
Microwave (wanted),MARTINSBURG,47,X_1024225_,FAA 240093,1,8095,-94,V,MD,1,N 153584,ST INIGOES,7900,-195.09,V,0,0,0,IRF MASK,0,53.38,6880,0,0,40,139.88,50,30000,0,42.5,32.38,47.95,193693.31,233.02,144.3,39,168.7,0.3,-999,316.3,-0.6
Microwave (wanted),MARTINSBURG,47,X_1024225_,FAA 240093,1,8095,-94,V,MD,2,AR 120812,FT MEADE,7901.167,-225.21,V,0,0,0,IRF MASK,0,22.73,94,0,0,58,41.93,68,30000,0,42.5,61.24,53.46,109645.62,226.98,249,16,168.7,0.3,-999,287.5,-0.3
Microwave (wanted),MARTINSBURG,47,X_1024225_,FAA 240093,1,8095,-94,V,MD,3,AR 130712,FT DETRICK,7901.167,-242.98,V,0,0,0,IRF MASK,0,24.73,94,0,0,58,114.51,68,30000,0,42.5,84.2,62.07,48882.54,238.13,142,40,168.7,0.3,-999,264.5,-0.1
Microwave (wanted),MARTINSBURG,47,X_1024225_,FAA 240093,1,8095,-94,V,MD,4,AR 130728,FT DETRICK,7901.167,-242.08,V,0,0,0,IRF MASK,0,22.73,94,0,0,58,23.13,65.1,30000,0,42.5,84.2,62.07,48882.54,238.13,249,17,168.7,0.3,-999,264.5,-0.1
Microwave (wanted),MARTINSBURG,47,X_1024225_,FAA 240093,1,8095,-94,V,MD,5,AR 130756,FT DETRICK,7901.167,-240.08,V,0,0,0,IRF MASK,0,24.73,94,0,0,58,23.13,65.1,30000,0,42.5,84.2,62.07,48882.54,238.13,249,17,168.7,0.3,-999,264.5,-0.1
Microwave (wanted),MARTINSBURG,47,X_1024225_,FAA 240093,1,8095,-94,V,MD,6,AR 130766,FT MEADE,7901.167,-225.21,V,0,0,0,IRF MASK,0,22.73,94,0,0,62,129.52,72,30000,0,42.5,61.24,53.46,109645.62,226.98,144,38,168.7,0.3,-999,287.5,-0.3
Microwave (wanted),MARTINSBURG,47,X_1024225_,FAA 240093,1,8095,-94,V,MD,7,AR 130767,FT MEADE,7901.167,-223.21,V,0,0,0,IRF MASK,0,24.73,94,0,0,58,128.92,68,30000,0,42.5,61.24,53.46,109645.62,226.98,145,38,168.7,0.3,-999,287.5,-0.3
Microwave (wanted),MARTINSBURG,47,X_1024225_,FAA 240093,1,8095,-94,V,MD,8,AR 210709,FT MEADE,7901.302,-233.7,V,0,0,0,IRF MASK,0,13.73,94,0,0,58,168.64,68,30000,0,42.5,61.24,53.46,109645.6,226.46,107,11,168.7,0.3,-999,287.5,-0.3
Microwave (wanted),MARTINSBURG,47,X_1024225_,FAA 240093,1,8095,-94,V,MD,9,AR 130729,FT DETRICK,7976.687,-240.32,V,0,0,0,IRF MASK,0,24.73,94,0,0,58,23.13,65.1,30000,0,42.5,84.2,62.07,48882.54,238.37,249,17,168.7,0.3,-999,264.5,-0.1
Microwave (wanted),MARTINSBURG,47,X_1024225_,FAA 240093,1,8095,-94,V,MD,10,AR 170763,FT MEADE,7998.822,-226.67,V,0,0,0,IRF MASK,0,21.02,40000,0,0,58,41.93,68,30000,0,42.5,61.24,53.46,109645.6,226.73,249,16,168.7,0.3,-999,287.5,-0.3
Microwave (wanted),MARTINSBURG,47,X_1024225_,FAA 240093,1,8095,-94,V,MD,11,AR 210737,FT MEADE,8023.562,-225.03,V,0,0,0,IRF MASK,0,22.73,94,0,0,58,41.93,68,30000,0,42.5,61.24,53.46,109645.6,226.8,249,16,168.7,0.3,-999,287.5,-0.3
Microwave (wanted),MARTINSBURG,47,X_1024225_,FAA 240093,1,8095,-94,V,MD,12,AR 170790,FT DETRICK,8026.167,-244.45,V,0,0,0,IRF MASK,0,22.73,94,0,0,58,113.8,68,30000,0,42.5,84.2,62.07,48882.54,237.61,144,38,168.7,0.3,-999,264.5,-0.1
Microwave (wanted),MARTINSBURG,47,X_1024225_,FAA 240093,1,8095,-94,V,MD,13,AR 180715,FT MEADE,8026.167,-225.04,V,0,0,0,IRF MASK,0,22.73,94,0,0,58,129.52,68,30000,0,42.5,61.24,53.46,109645.6,226.8,144,38,168.7,0.3,-999,287.5,-0.3
Microwave (wanted),MARTINSBURG,47,X_1024225_,FAA 240093,1,8095,-94,V,MD,14,AR 180711,FT MEADE,8045.237,-222.41,V,0,0,0,IRF MASK,0,25.41,5510,0,0,58,41.93,68,30000,0,42.5,61.24,53.46,109645.6,226.85,249,16,168.7,0.3,-999,287.5,-0.3
Microwave (wanted),MARTINSBURG,47,X_1024225_,FAA 240093,1,8095,-94,V,MD,15,AR 180714,FT MEADE,8078.271,-223.25,V,0,0,5.9,IRF MASK,0,30.54,7150,0,0,58,41.93,68,30000,0,42.5,61.24,53.46,109645.6,226.94,249,16,168.7,0.3,-999,287.5,-0.3
Microwave (wanted),MARTINSBURG,47,X_1024225_,FAA 240093,1,8095,-94,V,MD,16,AR 170772,FT MEADE,8123.35,-223.33,V,0,0,0,IRF MASK,0,24.7,741.42,0,0,57,129.52,67,30000,0,42.5,61.24,53.46,109645.6,227.06,144,38,168.7,0.3,-999,287.5,-0.3
Microwave (wanted),MARTINSBURG,47,X_1024225_,FAA 240093,1,8095,-94,V,MD,17,AR 130819,FT MEADE,8143.442,-226.2,V,0,0,0,IRF MASK,0,21.88,1940,0,0,58,129.52,68,30000,0,42.5,61.24,53.46,109645.6,227.12,144,38,168.7,0.3,-999,287.5,-0.3
Microwave (wanted),MARTINSBURG,47,X_1024225_,FAA 240093,1,8095,-94,V,MD,18,AR 210736,FT MEADE,8151.167,-225.37,V,0,0,0,IRF MASK,0,22.73,94,0,0,58,41.93,68,30000,0,42.5,61.24,53.46,109645.6,227.14,249,16,168.7,0.3,-999,287.5,-0.3
Microwave (wanted),MARTINSBURG,47,X_1024225_,FAA 240093,1,8095,-94,V,MD,19,AR 170769,FT MEADE,8180.4,-233.18,V,0,0,0,IRF MASK,0,15,1000,0,0,57,129.52,67,30000,0,42.5,61.24,53.46,109645.6,227.22,144,38,168.7,0.3,-999,287.5,-0.3
Microwave (wanted),MARTINSBURG,47,X_1024225_,FAA 240093,1,8095,-94,V,MD,20,AR 210711,FT MEADE,8276.302,-234.7,V,0,0,0,IRF MASK,0,13.73,94,0,0,58,168.64,68,30000,0,42.5,61.24,53.46,109645.6,227.47,107,11,168.7,0.3,-999,287.5,-0.3
Microwave (wanted),BLUEMONT,48,X_1024225_,FAA 240095,1,8455,-94,V,MD,20,AR 210711,FT MEADE,8276.302,-225.71,V,0,0,0,IRF MASK,0,13.73,94,0,0,58,157.91,68,30000,0,42.5,98.37,67.39,96796.47,204.55,107,11,348.7,-0.6,-999,267.1,0
Microwave (wanted),BLUEMONT,48,X_1024225_,FAA 240095,1,8455,-94,V,MD,21,AR 170791,FT DETRICK,8398.562,-215.84,V,0,0,0,IRF MASK,0,22.73,94,0,0,58,82.14,68,30000,0,42.5,55.06,53,58955.12,218.07,144,38,348.7,-0.6,-999,223.7,0.2
Microwave (wanted),BLUEMONT,48,X_1024225_,FAA 240095,1,8455,-94,V,MD,22,AR 180716,FT MEADE,8398.562,-217.02,V,0,0,0,IRF MASK,0,22.73,94,0,0,58,115.94,68,30000,0,42.5,98.37,67.39,96796.47,204.86,144,38,348.7,-0.6,-999,267.1,0
Microwave (wanted),BLUEMONT,49,X_1024226,FAA 240097,1,8125,-94,V,MD,1,N 153584,ST INIGOES,7900,-196.87,V,0,0,0,IRF MASK,0,53.38,6880,0,0,40,138.53,50,30000,2.04,37.2,149,63,162068.27,212.41,144.3,39,278.1,-0.7,-999,309.1,-0.4
Microwave (wanted),BLUEMONT,49,X_1024226,FAA 240097,1,8125,-94,V,MD,2,AR 120812,FT MEADE,7901.167,-215.08,V,0,0,0,IRF MASK,0,22.73,94,0,0,58,24.48,65.72,30000,2.04,37.2,168.93,63,96796.48,202.26,249,16,278.1,-0.7,-999,267.1,0
Microwave (wanted),BLUEMONT,49,X_1024226,FAA 240097,1,8125,-94,V,MD,3,AR 130712,FT DETRICK,7901.167,-232.26,V,0,0,0,IRF MASK,0,24.73,94,0,0,58,83.89,68,30000,2.04,37.2,125.62,63,58955.12,219.16,142,40,278.1,-0.7,-999,223.7,0.2
Microwave (wanted),BLUEMONT,49,X_1024226,FAA 240097,1,8125,-94,V,MD,4,AR 130728,FT DETRICK,7901.167,-234.11,V,0,0,0,IRF MASK,0,22.73,94,0,0,58,29.77,67.85,30000,2.04,37.2,125.62,63,58955.12,219.16,249,17,278.1,-0.7,-999,223.7,0.2
Microwave (wanted),BLUEMONT,49,X_1024226,FAA 240097,1,8125,-94,V,MD,5,AR 130756,FT DETRICK,7901.167,-232.11,V,0,0,0,IRF MASK,0,24.73,94,0,0,58,29.77,67.85,30000,2.04,37.2,125.62,63,58955.12,219.16,249,17,278.1,-0.7,-999,223.7,0.2
Microwave (wanted),BLUEMONT,49,X_1024226,FAA 240097,1,8125,-94,V,MD,6,AR 130766,FT MEADE,7901.167,-217.36,V,0,0,0,IRF MASK,0,22.73,94,0,0,62,115.94,72,30000,2.04,37.2,168.93,63,96796.48,202.26,144,38,278.1,-0.7,-999,267.1,0
Microwave (wanted),BLUEMONT,49,X_1024226,FAA 240097,1,8125,-94,V,MD,7,AR 130767,FT MEADE,7901.167,-215.36,V,0,0,0,IRF MASK,0,24.73,94,0,0,58,115.21,68,30000,2.04,37.2,168.93,63,96796.48,202.26,145,38,278.1,-0.7,-999,267.1,0
Microwave (wanted),BLUEMONT,49,X_1024226,FAA 240097,1,8125,-94,V,MD,8,AR 210709,FT MEADE,7901.302,-227.66,V,0,0,0,IRF MASK,0,13.73,94,0,0,58,157.91,68,30000,2.04,37.2,168.93,63,96796.47,203.55,107,11,278.1,-0.7,-999,267.1,0
Microwave (wanted),BLUEMONT,49,X_1024226,FAA 240097,1,8125,-94,V,MD,9,AR 130729,FT DETRICK,7976.687,-232.33,V,0,0,0,IRF MASK,0,24.73,94,0,0,58,29.77,67.85,30000,2.04,37.2,125.62,63,58955.12,219.37,249,17,278.1,-0.7,-999,223.7,0.2
Microwave (wanted),BLUEMONT,49,X_1024226,FAA 240097,1,8125,-94,V,MD,10,AR 170763,FT MEADE,7998.822,-218.35,V,0,0,0,IRF MASK,0,21.02,40000,0,0,58,24.48,65.72,30000,2.04,37.2,168.93,63,96796.47,203.81,249,16,278.1,-0.7,-999,267.1,0
Microwave (wanted),BLUEMONT,49,X_1024226,FAA 240097,1,8125,-94,V,MD,11,AR 210737,FT MEADE,8023.562,-216.71,V,0,0,0,IRF MASK,0,22.73,94,0,0,58,24.48,65.72,30000,2.04,37.2,168.93,63,96796.47,203.88,249,16,278.1,-0.7,-999,267.1,0
Microwave (wanted),BLUEMONT,49,X_1024226,FAA 240097,1,8125,-94,V,MD,12,AR 170790,FT DETRICK,8026.167,-231.67,V,0,0,0,IRF MASK,0,22.73,94,0,0,58,82.14,68,30000,2.04,37.2,125.62,63,58955.13,216.56,144,38,278.1,-0.7,-999,223.7,0.2
Microwave (wanted),BLUEMONT,49,X_1024226,FAA 240097,1,8125,-94,V,MD,13,AR 180715,FT MEADE,8026.167,-218.99,V,0,0,0,IRF MASK,0,22.73,94,0,0,58,115.95,68,30000,2.04,37.2,168.93,63,96796.47,203.89,144,38,278.1,-0.7,-999,267.1,0
Microwave (wanted),BLUEMONT,49,X_1024226,FAA 240097,1,8125,-94,V,MD,14,AR 180711,FT MEADE,8045.237,-214.08,V,0,0,0,IRF MASK,0,25.41,5510,0,0,58,24.48,65.72,30000,2.04,37.2,168.93,63,96796.47,203.94,249,16,278.1,-0.7,-999,267.1,0
Microwave (wanted),BLUEMONT,49,X_1024226,FAA 240097,1,8125,-94,V,MD,15,AR 180714,FT MEADE,8078.271,-209.04,V,0,0,0,IRF MASK,0,30.54,7150,0,0,58,24.48,65.72,30000,2.04,37.2,168.93,63,96796.47,204.03,249,16,278.1,-0.7,-999,267.1,0
Microwave (wanted),BLUEMONT,49,X_1024226,FAA 240097,1,8125,-94,V,MD,16,AR 170772,FT MEADE,8123.35,-217.28,V,0,0,0,IRF MASK,0,24.7,741.42,0,0,57,115.95,67,30000,2.04,37.2,168.93,63,96796.47,204.14,144,38,278.1,-0.7,-999,267.1,0
Microwave (wanted),BLUEMONT,49,X_1024226,FAA 240097,1,8125,-94,V,MD,17,AR 130819,FT MEADE,8143.442,-220.15,V,0,0,0,IRF MASK,0,21.88,1940,0,0,58,115.95,68,30000,2.04,37.2,168.93,63,96796.47,204.2,144,38,278.1,-0.7,-999,267.1,0
Microwave (wanted),BLUEMONT,49,X_1024226,FAA 240097,1,8125,-94,V,MD,18,AR 210736,FT MEADE,8151.167,-217.04,V,0,0,0,IRF MASK,0,22.73,94,0,0,58,24.48,65.72,30000,2.04,37.2,168.93,63,96796.47,204.22,249,16,278.1,-0.7,-999,267.1,0
Microwave (wanted),BLUEMONT,49,X_1024226,FAA 240097,1,8125,-94,V,MD,19,AR 170769,FT MEADE,8180.4,-227.13,V,0,0,0,IRF MASK,0,15,1000,0,0,57,115.95,67,30000,2.04,37.2,168.93,63,96796.47,204.29,144,38,278.1,-0.7,-999,267.1,0
Microwave (wanted),BLUEMONT,49,X_1024226,FAA 240097,1,8125,-94,V,MD,20,AR 210711,FT MEADE,8276.302,-228.65,V,0,0,0,IRF MASK,0,13.73,94,0,0,58,157.91,68,30000,2.04,37.2,168.93,63,96796.47,204.54,107,11,278.1,-0.7,-999,267.1,0
Microwave (wanted),WINCHESTER,50,X_1024226,FAA 240099,1,7765,-94,V,MD,1,N 153584,ST INIGOES,7900,-188.59,V,0,0,0,IRF MASK,0,53.38,6880,0,0,40,137.1,50,30000,2.04,40.8,26.94,35.89,182302.19,234.85,144.3,39,98.1,0.4,-999,305,-0.5
Microwave (wanted),WINCHESTER,50,X_1024226,FAA 240099,1,7765,-94,V,MD,2,AR 120812,FT MEADE,7901.167,-202.37,V,0,0,0,IRF MASK,0,22.73,94,0,0,58,26.11,66.42,30000,2.04,40.8,9.36,24.98,119914.38,230.46,249,16,98.1,0.4,-999,268.8,-0.3
Microwave (wanted),WINCHESTER,50,X_1024226,FAA 240099,1,7765,-94,V,MD,3,AR 130712,FT DETRICK,7901.167,-216.95,V,0,0,0,IRF MASK,0,24.73,94,0,0,58,94.91,68,30000,2.04,40.8,40.15,38.79,75335.75,231.65,142,40,98.1,0.4,-999,238,-0.2
Microwave (wanted),WINCHESTER,50,X_1024226,FAA 240099,1,7765,-94,V,MD,4,AR 130728,FT DETRICK,7901.167,-214.51,V,0,0,0,IRF MASK,0,22.73,94,0,0,58,20.06,63.56,30000,2.04,40.8,40.15,38.79,75335.75,231.65,249,17,98.1,0.4,-999,238,-0.2
Microwave (wanted),WINCHESTER,50,X_1024226,FAA 240099,1,7765,-94,V,MD,5,AR 130756,FT DETRICK,7901.167,-212.51,V,0,0,0,IRF MASK,0,24.73,94,0,0,58,20.06,63.56,30000,2.04,40.8,40.15,38.79,75335.75,231.65,249,17,98.1,0.4,-999,238,-0.2
Microwave (wanted),WINCHESTER,50,X_1024226,FAA 240099,1,7765,-94,V,MD,6,AR 130766,FT MEADE,7901.167,-203.95,V,0,0,0,IRF MASK,0,22.73,94,0,0,62,117.22,72,30000,2.04,40.8,9.36,24.98,119914.38,230.46,144,38,98.1,0.4,-999,268.8,-0.3
Microwave (wanted),WINCHESTER,50,X_1024226,FAA 240099,1,7765,-94,V,MD,7,AR 130767,FT MEADE,7901.167,-201.95,V,0,0,0,IRF MASK,0,24.73,94,0,0,58,116.5,68,30000,2.04,40.8,9.36,24.98,119914.38,230.46,145,38,98.1,0.4,-999,268.8,-0.3
Microwave (wanted),WINCHESTER,50,X_1024226,FAA 240099,1,7765,-94,V,MD,8,AR 210709,FT MEADE,7901.302,-210.95,V,0,0,0,IRF MASK,0,13.73,94,0,0,58,159.39,68,30000,2.04,40.8,9.36,24.98,119914.37,228.46,107,11,98.1,0.4,-999,268.8,-0.3
Microwave (wanted),WINCHESTER,50,X_1024226,FAA 240099,1,7765,-94,V,MD,9,AR 130729,FT DETRICK,7976.687,-212.76,V,0,0,0,IRF MASK,0,24.73,94,0,0,58,20.06,63.56,30000,2.04,40.8,40.15,38.79,75335.75,231.9,249,17,98.1,0.4,-999,238,-0.2
Microwave (wanted),WINCHESTER,50,X_1024226,FAA 240099,1,7765,-94,V,MD,10,AR 170763,FT MEADE,7998.822,-202.38,V,0,0,0,IRF MASK,0,21.02,40000,0,0,58,26.1,66.42,30000,2.04,40.8,9.36,24.98,119914.37,228.76,249,16,98.1,0.4,-999,268.8,-0.3
Microwave (wanted),BLUEMONT,51,X_1024226_,FAA 240097,1,8395,-94,V,MD,19,AR 170769,FT MEADE,8180.4,-227.13,V,0,0,0,IRF MASK,0,15,1000,0,0,57,115.95,67,30000,2.04,37.2,168.93,63,96796.47,204.29,144,38,278.1,-0.7,-999,267.1,0
Microwave (wanted),BLUEMONT,51,X_1024226_,FAA 240097,1,8395,-94,V,MD,20,AR 210711,FT MEADE,8276.302,-228.65,V,0,0,0,IRF MASK,0,13.73,94,0,0,58,157.91,68,30000,2.04,37.2,168.93,63,96796.47,204.54,107,11,278.1,-0.7,-999,267.1,0
Microwave (wanted),BLUEMONT,51,X_1024226_,FAA 240097,1,8395,-94,V,MD,21,AR 170791,FT DETRICK,8398.562,-232.86,V,0,0,0,IRF MASK,0,22.73,94,0,0,58,82.14,68,30000,2.04,37.2,125.62,63,58955.13,217.76,144,38,278.1,-0.7,-999,223.7,0.2
Microwave (wanted),BLUEMONT,51,X_1024226_,FAA 240097,1,8395,-94,V,MD,22,AR 180716,FT MEADE,8398.562,-219.96,V,0,0,0,IRF MASK,0,22.73,94,0,0,58,115.95,68,30000,2.04,37.2,168.93,63,96796.47,204.85,144,38,278.1,-0.7,-999,267.1,0
Microwave (wanted),WINCHESTER,52,X_1024226_,FAA 240099,1,8035,-94,V,MD,1,N 153584,ST INIGOES,7900,-188.59,V,0,0,0,IRF MASK,0,53.38,6880,0,0,40,137.1,50,30000,2.04,40.8,26.94,35.89,182302.19,234.85,144.3,39,98.1,0.4,-999,305,-0.5
Microwave (wanted),WINCHESTER,52,X_1024226_,FAA 240099,1,8035,-94,V,MD,2,AR 120812,FT MEADE,7901.167,-202.37,V,0,0,0,IRF MASK,0,22.73,94,0,0,58,26.11,66.42,30000,2.04,40.8,9.36,24.98,119914.38,230.46,249,16,98.1,0.4,-999,268.8,-0.3
Microwave (wanted),WINCHESTER,52,X_1024226_,FAA 240099,1,8035,-94,V,MD,3,AR 130712,FT DETRICK,7901.167,-216.95,V,0,0,0,IRF MASK,0,24.73,94,0,0,58,94.91,68,30000,2.04,40.8,40.15,38.79,75335.75,231.65,142,40,98.1,0.4,-999,238,-0.2
Microwave (wanted),WINCHESTER,52,X_1024226_,FAA 240099,1,8035,-94,V,MD,4,AR 130728,FT DETRICK,7901.167,-214.51,V,0,0,0,IRF MASK,0,22.73,94,0,0,58,20.06,63.56,30000,2.04,40.8,40.15,38.79,75335.75,231.65,249,17,98.1,0.4,-999,238,-0.2
Microwave (wanted),WINCHESTER,52,X_1024226_,FAA 240099,1,8035,-94,V,MD,5,AR 130756,FT DETRICK,7901.167,-212.51,V,0,0,0,IRF MASK,0,24.73,94,0,0,58,20.06,63.56,30000,2.04,40.8,40.15,38.79,75335.75,231.65,249,17,98.1,0.4,-999,238,-0.2
Microwave (wanted),WINCHESTER,52,X_1024226_,FAA 240099,1,8035,-94,V,MD,6,AR 130766,FT MEADE,7901.167,-203.95,V,0,0,0,IRF MASK,0,22.73,94,0,0,62,117.22,72,30000,2.04,40.8,9.36,24.98,119914.38,230.46,144,38,98.1,0.4,-999,268.8,-0.3
Microwave (wanted),WINCHESTER,52,X_1024226_,FAA 240099,1,8035,-94,V,MD,7,AR 130767,FT MEADE,7901.167,-201.95,V,0,0,0,IRF MASK,0,24.73,94,0,0,58,116.5,68,30000,2.04,40.8,9.36,24.98,119914.38,230.46,145,38,98.1,0.4,-999,268.8,-0.3
Microwave (wanted),WINCHESTER,52,X_1024226_,FAA 240099,1,8035,-94,V,MD,8,AR 210709,FT MEADE,7901.302,-210.95,V,0,0,0,IRF MASK,0,13.73,94,0,0,58,159.39,68,30000,2.04,40.8,9.36,24.98,119914.37,228.46,107,11,98.1,0.4,-999,268.8,-0.3
Microwave (wanted),WINCHESTER,52,X_1024226_,FAA 240099,1,8035,-94,V,MD,9,AR 130729,FT DETRICK,7976.687,-212.76,V,0,0,0,IRF MASK,0,24.73,94,0,0,58,20.06,63.56,30000,2.04,40.8,40.15,38.79,75335.75,231.9,249,17,98.1,0.4,-999,238,-0.2
Microwave (wanted),WINCHESTER,52,X_1024226_,FAA 240099,1,8035,-94,V,MD,10,AR 170763,FT MEADE,7998.822,-202.38,V,0,0,0,IRF MASK,0,21.02,40000,0,0,58,26.1,66.42,30000,2.04,40.8,9.36,24.98,119914.37,228.76,249,16,98.1,0.4,-999,268.8,-0.3
Microwave (wanted),WINCHESTER,52,X_1024226_,FAA 240099,1,8035,-94,V,MD,11,AR 210737,FT MEADE,8023.562,-200.75,V,0,0,0,IRF MASK,0,22.73,94,0,0,58,26.1,66.42,30000,2.04,40.8,9.36,24.98,119914.37,228.84,249,16,98.1,0.4,-999,268.8,-0.3
Microwave (wanted),WINCHESTER,52,X_1024226_,FAA 240099,1,8035,-94,V,MD,12,AR 170790,FT DETRICK,8026.167,-218.88,V,0,0,0,IRF MASK,0,22.73,94,0,0,58,93.49,68,30000,2.04,40.8,40.15,38.79,75335.74,231.58,144,38,98.1,0.4,-999,238,-0.1
Microwave (wanted),WINCHESTER,52,X_1024226_,FAA 240099,1,8035,-94,V,MD,13,AR 180715,FT MEADE,8026.167,-202.34,V,0,0,0,IRF MASK,0,22.73,94,0,0,58,117.22,68,30000,2.04,40.8,9.36,24.98,119914.37,228.85,144,38,98.1,0.4,-999,268.8,-0.3
Microwave (wanted),WINCHESTER,52,X_1024226_,FAA 240099,1,8035,-94,V,MD,14,AR 180711,FT MEADE,8045.237,-198.14,V,0,0,0,IRF MASK,0,25.41,5510,0,0,58,26.1,66.42,30000,2.04,40.8,9.36,24.98,119914.37,228.91,249,16,98.1,0.4,-999,268.8,-0.3
Microwave (wanted),WINCHESTER,52,X_1024226_,FAA 240099,1,8035,-94,V,MD,15,AR 180714,FT MEADE,8078.271,-193.11,V,0,0,0,IRF MASK,0,30.54,7150,0,0,58,26.1,66.42,30000,2.04,40.8,9.36,24.98,119914.37,229.01,249,16,98.1,0.4,-999,268.8,-0.3
Microwave (wanted),WINCHESTER,52,X_1024226_,FAA 240099,1,8035,-94,V,MD,16,AR 170772,FT MEADE,8123.35,-200.67,V,0,0,0,IRF MASK,0,24.7,741.42,0,0,57,117.22,67,30000,2.04,40.8,9.36,24.98,119914.37,229.15,144,38,98.1,0.4,-999,268.8,-0.3
Microwave (wanted),WINCHESTER,52,X_1024226_,FAA 240099,1,8035,-94,V,MD,17,AR 130819,FT MEADE,8143.442,-203.56,V,0,0,0,IRF MASK,0,21.88,1940,0,0,58,117.22,68,30000,2.04,40.8,9.36,24.98,119914.37,229.21,144,38,98.1,0.4,-999,268.8,-0.3
Microwave (wanted),WINCHESTER,52,X_1024226_,FAA 240099,1,8035,-94,V,MD,18,AR 210736,FT MEADE,8151.167,-201.15,V,0,0,0,IRF MASK,0,22.73,94,0,0,58,26.1,66.42,30000,2.04,40.8,9.36,24.98,119914.37,229.24,249,16,98.1,0.4,-999,268.8,-0.3
Microwave (wanted),WINCHESTER,52,X_1024226_,FAA 240099,1,8035,-94,V,MD,19,AR 170769,FT MEADE,8180.4,-210.55,V,0,0,0,IRF MASK,0,15,1000,0,0,57,117.22,67,30000,2.04,40.8,9.36,24.98,119914.37,229.33,144,38,98.1,0.4,-999,268.8,-0.3
Microwave (wanted),ASHEVILLE,53,X_FAA3338,FAA 952937,1,7920,-95,H,MD,1,N 153584,ST INIGOES,7900,-250.41,V,0,0,0,IRF MASK,15,53.38,6880,0,0,40,96.18,50,20000,0,35.5,58.85,41.43,618682.44,272.82,144.3,39,0,0,-999,238.8,-2
Microwave (wanted),ASHEVILLE,53,X_FAA3338,FAA 952937,1,7920,-95,H,MD,2,AR 120812,FT MEADE,7901.167,-294,V,0,0,0,IRF MASK,18,22.73,94,0,0,58,24.16,65.58,20000,0,35.5,49.33,36.73,653156.06,289.89,249,16,0,0,-999,229.3,-2.1
Microwave (wanted),ASHEVILLE,53,X_FAA3338,FAA 952937,1,7920,-95,H,MD,3,AR 130712,FT DETRICK,7901.167,-298.24,V,0,0,0,IRF MASK,19.1,24.73,94,0,0,58,85.99,68,20000,0,35.5,43.55,34.71,635366.38,294.66,142,40,0,0,-999,223.5,-2.1
Microwave (wanted),ASHEVILLE,53,X_FAA3338,FAA 952937,1,7920,-95,H,MD,4,AR 130728,FT DETRICK,7901.167,-299.84,V,0,0,0,IRF MASK,19.1,22.73,94,0,0,58,29.11,67.6,20000,0,35.5,43.55,34.71,635366.38,294.66,249,17,0,0,-999,223.5,-2.1
Microwave (wanted),ASHEVILLE,53,X_FAA3338,FAA 952937,1,7920,-95,H,MD,5,AR 130756,FT DETRICK,7901.167,-297.84,V,0,0,0,IRF MASK,19.1,24.73,94,0,0,58,29.11,67.6,20000,0,35.5,43.55,34.71,635366.38,294.66,249,17,0,0,-999,223.5,-2.1
Microwave (wanted),ASHEVILLE,53,X_FAA3338,FAA 952937,1,7920,-95,H,MD,6,AR 130766,FT MEADE,7901.167,-296.43,V,0,0,0,IRF MASK,18,22.73,94,0,0,62,89.06,72,20000,0,35.5,49.33,36.73,653156.06,289.89,144,38,0,0,-999,229.3,-2.1
Microwave (wanted),ASHEVILLE,53,X_FAA3338,FAA 952937,1,7920,-95,H,MD,7,AR 130767,FT MEADE,7901.167,-294.43,V,0,0,0,IRF MASK,18,24.73,94,0,0,58,88.3,68,20000,0,35.5,49.33,36.73,653156.06,289.89,145,38,0,0,-999,229.3,-2.1
Microwave (wanted),ASHEVILLE,53,X_FAA3338,FAA 952937,1,7920,-95,H,MD,8,AR 210709,FT MEADE,7901.302,-304.39,V,0,0,0,IRF MASK,18,13.73,94,0,0,58,124.7,68,20000,0,35.5,49.33,36.73,653155.94,288.85,107,11,0,0,-999,229.3,-2.1
Microwave (wanted),ASHEVILLE,53,X_FAA3338,FAA 952937,1,7920,-95,H,MD,9,AR 130729,FT DETRICK,7976.687,-298.07,V,0,0,0,IRF MASK,19.1,24.73,94,0,0,58,29.11,67.6,20000,0,35.5,43.55,34.71,635366.38,294.89,249,17,0,0,-999,223.5,-2.1
Microwave (wanted),ASHEVILLE,53,X_FAA3338,FAA 952937,1,7920,-95,H,MD,10,AR 170763,FT MEADE,7998.822,-295.01,V,0,0,0,IRF MASK,18,21.02,40000,0,0,58,24.16,65.58,20000,0,35.5,49.33,36.73,653155.94,289.18,249,16,0,0,-999,229.3,-2.1
Microwave (wanted),ASHEVILLE,53,X_FAA3338,FAA 952937,1,7920,-95,H,MD,11,AR 210737,FT MEADE,8023.562,-293.38,V,0,0,0,IRF MASK,18,22.73,94,0,0,58,24.16,65.58,20000,0,35.5,49.33,36.73,653155.94,289.26,249,16,0,0,-999,229.3,-2.1
Microwave (wanted),ASHEVILLE,53,X_FAA3338,FAA 952937,1,7920,-95,H,MD,12,AR 170790,FT DETRICK,8026.167,-287.85,V,0,0,0,IRF MASK,19.1,22.73,94,0,0,58,84.34,68,20000,0,35.5,43.55,34.71,635366.31,282.28,144,38,0,0,-999,223.5,-2.1
Microwave (wanted),ASHEVILLE,53,X_FAA3338,FAA 952937,1,7920,-95,H,MD,13,AR 180715,FT MEADE,8026.167,-295.81,V,0,0,0,IRF MASK,18,22.73,94,0,0,58,89.06,68,20000,0,35.5,49.33,36.73,653155.94,289.27,144,38,0,0,-999,229.3,-2.1
Microwave (wanted),ASHEVILLE,53,X_FAA3338,FAA 952937,1,7920,-95,H,MD,14,AR 180711,FT MEADE,8045.237,-290.77,V,0,0,0,IRF MASK,18,25.41,5510,0,0,58,24.16,65.58,20000,0,35.5,49.33,36.73,653155.94,289.34,249,16,0,0,-999,229.3,-2.1
Microwave (wanted),ASHEVILLE,54,X_FAA3338,FAA 971624,1,8280,-95,H,MD,17,AR 130819,FT MEADE,8143.442,-288.43,V,0,0,0,IRF MASK,18,21.88,1940,0,0,58,89.11,68,20000,0,35.5,49.39,36.76,652765.94,281.03,144,38,0,0,-999,229.4,-2.1
Microwave (wanted),ASHEVILLE,54,X_FAA3338,FAA 971624,1,8280,-95,H,MD,18,AR 210736,FT MEADE,8151.167,-285.17,V,0,0,0,IRF MASK,18,22.73,94,0,0,58,24.11,65.56,20000,0,35.5,49.39,36.76,652765.94,281.06,249,16,0,0,-999,229.4,-2.1
Microwave (wanted),ASHEVILLE,54,X_FAA3338,FAA 971624,1,8280,-95,H,MD,19,AR 170769,FT MEADE,8180.4,-295.44,V,0,0,0,IRF MASK,18,15,1000,0,0,57,89.11,67,20000,0,35.5,49.39,36.76,652765.94,281.16,144,38,0,0,-999,229.4,-2.1
Microwave (wanted),ASHEVILLE,54,X_FAA3338,FAA 971624,1,8280,-95,H,MD,20,AR 210711,FT MEADE,8276.302,-297.04,V,0,0,0,IRF MASK,18,13.73,94,0,0,58,124.76,68,20000,0,35.5,49.39,36.76,652765.94,281.49,107,11,0,0,-999,229.4,-2.1
Microwave (wanted),ASHEVILLE,54,X_FAA3338,FAA 971624,1,8280,-95,H,MD,21,AR 170791,FT DETRICK,8398.562,-289.2,V,0,0,0,IRF MASK,19.1,22.73,94,0,0,58,84.39,68,20000,0,35.5,43.61,34.72,634903.5,283.61,144,38,0,0,-999,223.6,-2.1
Microwave (wanted),ASHEVILLE,54,X_FAA3338,FAA 971624,1,8280,-95,H,MD,22,AR 180716,FT MEADE,8398.562,-288.45,V,0,0,0,IRF MASK,18,22.73,94,0,0,58,89.11,68,20000,0,35.5,49.39,36.76,652765.94,281.9,144,38,0,0,-999,229.4,-2.1
Microwave (wanted),BEDFORD,55,X_FAA3470,FAA 990207,1,8307.5,-102,V,MD,20,AR 210711,FT MEADE,8276.302,-250.4,V,0,0,0,IRF MASK,0,13.73,94,0,0,58,126.25,68,5000,0,40.3,164.28,66,297012.28,228.43,107,11,248.2,-0.5,-999,232.5,-0.8
Microwave (wanted),ROANOKE,56,X_FAA3470,FAA 990209,1,7947.5,-102,V,MD,9,AR 130729,FT DETRICK,7976.687,-230.21,V,0,0,0,IRF MASK,0,24.73,94,0,0,58,29.1,67.6,5000,0,44.8,24.16,40,337193.19,250.14,249,17,68.2,-0.1,-999,224.1,-1
Microwave (wanted),ROANOKE,56,X_FAA3470,FAA 990209,1,7947.5,-102,V,MD,10,AR 170763,FT MEADE,7998.822,-219.73,V,0,0,0,IRF MASK,0,21.02,40000,0,0,58,20.87,63.99,5000,0,44.8,13.52,37,356797.28,242.56,249,16,68.2,-0.1,-999,234.7,-1.1
Microwave (wanted),BEDFORD,57,X_FAA3470_,FAA 990207,1,8262.5,-102,V,MD,20,AR 210711,FT MEADE,8276.302,-250.4,V,0,0,0,IRF MASK,0,13.73,94,0,0,58,126.25,68,5000,0,40.3,164.28,66,297012.28,228.43,107,11,248.2,-0.5,-999,232.5,-0.8
Microwave (wanted),ROANOKE,58,X_FAA3470_,FAA 990209,1,7902.5,-102,V,MD,1,N 153584,ST INIGOES,7900,-177.69,V,0,0,3,IRF MASK,0,53.38,6880,0,0,40,105.81,50,5000,0,44.8,4.84,30.52,337909.88,232.34,144.3,39,68.2,-0.1,-999,252.9,-1
Microwave (wanted),ROANOKE,58,X_FAA3470_,FAA 990209,1,7902.5,-102,V,MD,2,AR 120812,FT MEADE,7901.167,-217.44,V,0,0,0,IRF MASK,0,22.73,94,0,0,58,20.87,63.99,5000,0,44.8,13.52,37,356797.34,241.98,249,16,68.2,-0.1,-999,234.7,-1.1
Microwave (wanted),ROANOKE,58,X_FAA3470_,FAA 990209,1,7902.5,-102,V,MD,3,AR 130712,FT DETRICK,7901.167,-230.4,V,0,0,0,IRF MASK,0,24.73,94,0,0,58,85.27,68,5000,0,44.8,24.16,40,337193.19,249.93,142,40,68.2,-0.1,-999,224.1,-1
Microwave (wanted),ROANOKE,58,X_FAA3470_,FAA 990209,1,7902.5,-102,V,MD,4,AR 130728,FT DETRICK,7901.167,-232,V,0,0,0,IRF MASK,0,22.73,94,0,0,58,29.1,67.6,5000,0,44.8,24.16,40,337193.19,249.93,249,17,68.2,-0.1,-999,224.1,-1
Microwave (wanted),ROANOKE,58,X_FAA3470_,FAA 990209,1,7902.5,-102,V,MD,5,AR 130756,FT DETRICK,7901.167,-230,V,0,0,0,IRF MASK,0,24.73,94,0,0,58,29.1,67.6,5000,0,44.8,24.16,40,337193.19,249.93,249,17,68.2,-0.1,-999,224.1,-1
Microwave (wanted),ROANOKE,58,X_FAA3470_,FAA 990209,1,7902.5,-102,V,MD,6,AR 130766,FT MEADE,7901.167,-221.45,V,0,0,0,IRF MASK,0,22.73,94,0,0,62,92.17,72,5000,0,44.8,13.52,37,356797.34,241.98,144,38,68.2,-0.1,-999,234.7,-1.1
Microwave (wanted),ROANOKE,58,X_FAA3470_,FAA 990209,1,7902.5,-102,V,MD,7,AR 130767,FT MEADE,7901.167,-219.45,V,0,0,0,IRF MASK,0,24.73,94,0,0,58,91.39,68,5000,0,44.8,13.52,37,356797.34,241.98,145,38,68.2,-0.1,-999,234.7,-1.1
Microwave (wanted),ROANOKE,58,X_FAA3470_,FAA 990209,1,7902.5,-102,V,MD,8,AR 210709,FT MEADE,7901.302,-230.75,V,0,0,0,IRF MASK,0,13.73,94,0,0,58,128.74,68,5000,0,44.8,13.52,37,356797.28,242.28,107,11,68.2,-0.1,-999,234.7,-1.1
Microwave (wanted),PITTSBURGH,59,X_FAA3628,FAA 853323,1,8017.5,-102,V,MD,10,AR 170763,FT MEADE,7998.822,-278.27,V,0,0,10.2,IRF MASK,0,21.02,40000,0,0,58,52.04,68,5000,0,37.3,116.85,63,333990.94,253.39,249,16,0,0,-999,296.9,-1.1
Microwave (wanted),PITTSBURGH,59,X_FAA3628,FAA 853323,1,8017.5,-102,V,MD,11,AR 210737,FT MEADE,8023.562,-266.42,V,0,0,0,IRF MASK,0,22.73,94,0,0,58,52.04,68,5000,0,37.3,116.85,63,333990.94,253.45,249,16,0,0,-999,296.9,-1.1
Microwave (wanted),PITTSBURGH,59,X_FAA3628,FAA 853323,1,8017.5,-102,V,MD,12,AR 170790,FT DETRICK,8026.167,-287.9,V,0,0,0,IRF MASK,0,22.73,94,0,0,58,134.01,68,5000,0,37.3,115.42,63,266985.97,274.93,144,38,0,0,-999,295.4,-0.8
Microwave (wanted),PITTSBURGH,59,X_FAA3628,FAA 853323,1,8017.5,-102,V,MD,13,AR 180715,FT MEADE,8026.167,-266.43,V,0,0,0,IRF MASK,0,22.73,94,0,0,58,134.7,68,5000,0,37.3,116.85,63,333990.94,253.46,144,38,0,0,-999,296.9,-1.1
Microwave (wanted),PITTSBURGH,59,X_FAA3628,FAA 853323,1,8017.5,-102,V,MD,14,AR 180711,FT MEADE,8045.237,-263.79,V,0,0,0,IRF MASK,0,25.41,5510,0,0,58,52.04,68,5000,0,37.3,116.85,63,333990.94,253.5,249,16,0,0,-999,296.9,-1.1
Microwave (wanted),PITTSBURGH,60,X_FAA3628,FAA 853325,1,8377.5,-102,V,MD,21,AR 170791,FT DETRICK,8398.562,-286.88,V,0,0,0,IRF MASK,0,22.73,94,0,0,58,133.68,68,5000,0,37.3,114.74,63,267868.5,273.91,144,38,0,0,-999,294.7,-0.8
Microwave (wanted),PITTSBURGH,60,X_FAA3628,FAA 853325,1,8377.5,-102,V,MD,22,AR 180716,FT MEADE,8398.562,-258.74,V,0,0,0,IRF MASK,0,22.73,94,0,0,58,134.45,68,5000,0,37.3,116.3,63,334792.75,245.77,144,38,0,0,-999,296.3,-1.1
